onet_code,aise,rse,job_zone,complementarity
11-1011.00,0.0354906054279749,0.0238095238095238,5.0,0.7316666666666667
11-1011.03,0.0835073068893528,0.0952380952380952,5.0,0.6233333333333334
11-1021.00,0.2995824634655532,0.369047619047619,4.0,0.7075
11-1031.00,0.0093945720250521,0.0,,
11-2011.00,0.5835073068893528,0.4880952380952381,4.0,0.5991666666666666
11-2021.00,0.5146137787056367,0.3571428571428571,4.0,0.6113888888888889
11-2022.00,0.5751565762004175,0.7857142857142857,4.0,0.5675
11-2032.00,0.4665970772442588,0.238095238095238,,
11-2033.00,0.1137787056367432,0.0595238095238095,,
11-3012.00,0.6774530271398748,0.5357142857142857,3.0,0.585
11-3013.00,0.1210855949895615,0.4404761904761904,,
11-3013.01,0.0626304801670146,0.25,,
11-3021.00,0.9029227557411272,0.7380952380952381,4.0,0.6211111111111112
11-3031.00,0.2453027139874739,0.1547619047619047,4.0,0.635
11-3031.01,0.1471816283924843,0.119047619047619,4.0,0.5897222222222223
11-3031.03,0.0668058455114822,0.0357142857142857,5.0,0.6263888888888889
11-3051.00,0.2536534446764092,0.6904761904761905,4.0,0.69
11-3051.01,0.6085594989561587,0.7380952380952381,4.0,0.6525
11-3051.02,0.0167014613778705,0.0833333333333333,3.0,0.7280555555555556
11-3051.03,0.1116910229645093,0.2738095238095238,4.0,0.7663888888888889
11-3051.04,0.0260960334029227,0.1785714285714285,4.0,0.7608333333333333
11-3051.06,0.0260960334029227,0.1547619047619047,3.0,0.7080555555555555
11-3061.00,0.4540709812108559,0.5476190476190477,4.0,0.5975
11-3071.00,0.2442588726513569,0.6309523809523809,4.0,0.6619444444444444
11-3071.04,0.5709812108559499,0.9404761904761904,4.0,0.641388888888889
11-3111.00,0.1325678496868476,0.1309523809523809,4.0,0.5697222222222222
11-3121.00,0.3643006263048016,0.2619047619047619,4.0,0.6394444444444445
11-3131.00,0.3924843423799583,0.3571428571428571,4.0,0.5822222222222223
11-9013.00,0.0177453027139874,0.1666666666666666,4.0,0.7025
11-9021.00,0.0605427974947807,0.3095238095238095,4.0,0.7244444444444444
11-9031.00,0.0553235908141962,0.0595238095238095,4.0,0.7075
11-9032.00,0.0553235908141962,0.0476190476190476,5.0,0.7347222222222222
11-9033.00,0.1534446764091858,0.119047619047619,5.0,0.6477777777777779
11-9039.00,0.5386221294363257,0.4761904761904761,,
11-9041.00,0.5052192066805845,0.5,5.0,0.6666666666666667
11-9041.01,0.0240083507306889,0.0714285714285714,4.0,0.6372222222222222
11-9051.00,0.0866388308977035,0.3333333333333333,2.0,0.6130555555555555
11-9071.00,0.0354906054279749,0.0714285714285714,2.0,0.6116666666666667
11-9072.00,0.0720250521920668,0.1309523809523809,,
11-9081.00,0.0908141962421711,0.1428571428571428,4.0,0.6963888888888888
11-9111.00,0.1283924843423799,0.1309523809523809,4.0,0.611111111111111
11-9121.00,0.6106471816283925,0.5833333333333334,5.0,0.6430555555555556
11-9121.01,0.2014613778705636,0.1904761904761904,4.0,0.5636111111111111
11-9121.02,0.0511482254697286,0.0952380952380952,4.0,0.6038888888888889
11-9131.00,0.1263048016701461,0.2738095238095238,2.0,0.6491666666666667
11-9141.00,0.1033402922755741,0.0238095238095238,4.0,0.6325
11-9151.00,0.1242171189979123,0.0833333333333333,4.0,0.6430555555555556
11-9161.00,0.0260960334029227,0.0833333333333333,4.0,0.6372222222222222
11-9171.00,0.0135699373695198,0.0238095238095238,3.0,0.6430555555555556
11-9179.00,0.8517745302713987,0.8809523809523809,,
11-9179.01,0.1294363256784968,0.1547619047619047,4.0,0.6313888888888889
11-9179.02,0.0887265135699373,0.1071428571428571,3.0,0.5908333333333333
11-9199.00,0.8632567849686847,0.9285714285714286,,
11-9199.01,0.4979123173277662,0.6309523809523809,4.0,0.5469444444444445
11-9199.02,0.3653444676409186,0.2738095238095238,4.0,0.6372222222222222
11-9199.08,0.2693110647181628,0.2619047619047619,4.0,0.6641666666666667
11-9199.09,0.0615866388308977,0.3333333333333333,3.0,0.7422222222222221
11-9199.10,0.0271398747390396,0.0714285714285714,4.0,0.5711111111111111
11-9199.11,0.0093945720250521,0.1071428571428571,4.0,0.5694444444444443
13-1011.00,0.1137787056367432,0.0952380952380952,4.0,0.5283333333333333
13-1021.00,0.0636743215031315,0.2142857142857142,4.0,0.6477777777777779
13-1022.00,0.2129436325678496,0.369047619047619,3.0,0.5641666666666666
13-1023.00,0.1242171189979123,0.5833333333333334,4.0,0.6038888888888888
13-1031.00,0.2473903966597077,0.2738095238095238,4.0,0.5541666666666667
13-1032.00,0.208768267223382,0.2619047619047619,3.0,0.5633333333333334
13-1041.00,0.3288100208768267,0.4880952380952381,3.0,0.5566666666666666
13-1041.01,0.0594989561586638,0.25,4.0,0.5675
13-1041.03,0.1659707724425887,0.1309523809523809,4.0,0.5486111111111112
13-1041.04,0.1377870563674321,0.4047619047619047,3.0,0.591388888888889
13-1041.06,0.0010438413361169,0.0,3.0,0.6266666666666666
13-1041.07,0.2578288100208768,0.4285714285714285,4.0,0.5013888888888889
13-1041.08,0.1524008350730689,0.3452380952380952,3.0,0.5536111111111112
13-1051.00,0.1294363256784968,0.4047619047619047,4.0,0.5255555555555557
13-1071.00,0.791231732776618,0.8095238095238095,4.0,0.6433333333333333
13-1074.00,0.0949895615866388,0.3571428571428571,2.0,0.6555555555555556
13-1075.00,0.0668058455114822,0.1071428571428571,4.0,0.5625
13-1081.00,0.2463465553235908,0.6309523809523809,4.0,0.6030555555555557
13-1081.01,0.7536534446764092,0.7976190476190477,4.0,0.5675
13-1081.02,0.6492693110647182,0.8809523809523809,4.0,0.5702777777777777
13-1082.00,0.4707724425887265,0.5357142857142857,,
13-1111.00,0.824634655532359,0.8214285714285714,4.0,0.5963888888888889
13-1121.00,0.2400835073068893,0.3095238095238095,4.0,0.6283333333333334
13-1131.00,0.3987473903966597,0.4166666666666667,4.0,0.5894444444444443
13-1141.00,0.2223382045929018,0.3095238095238095,4.0,0.5205555555555555
13-1151.00,0.6617954070981211,0.6428571428571429,4.0,0.5886111111111111
13-1161.00,0.8851774530271399,0.7261904761904762,4.0,0.5302777777777777
13-1161.01,0.6169102296450939,0.4047619047619047,4.0,0.4838888888888889
13-1199.00,0.8423799582463466,0.8452380952380952,,
13-1199.04,0.1398747390396659,0.1785714285714285,4.0,0.5325
13-1199.05,0.011482254697286,0.0714285714285714,4.0,0.5394444444444444
13-1199.06,0.3173277661795407,0.4047619047619047,4.0,0.5780555555555555
13-1199.07,0.0960334029227557,0.1666666666666666,,
13-2011.00,0.2254697286012526,0.2142857142857142,4.0,0.5736111111111112
13-2022.00,0.0125260960334029,0.0357142857142857,,
13-2023.00,0.092901878914405,0.0952380952380952,4.0,0.5461111111111111
13-2031.00,0.3778705636743215,0.369047619047619,4.0,0.5558333333333334
13-2041.00,0.2828810020876827,0.1785714285714285,4.0,0.5033333333333334
13-2051.00,0.3215031315240083,0.119047619047619,,
13-2052.00,0.1722338204592902,0.0833333333333333,4.0,0.5322222222222223
13-2053.00,0.3538622129436325,0.4166666666666667,4.0,0.5313888888888889
13-2054.00,0.1022964509394572,0.0119047619047619,,
13-2061.00,0.197286012526096,0.1309523809523809,4.0,0.5330555555555556
13-2071.00,0.0960334029227557,0.0833333333333333,4.0,0.5144444444444445
13-2072.00,0.3413361169102296,0.2619047619047619,4.0,0.64
13-2081.00,0.0678496868475991,0.0833333333333333,3.0,0.4994444444444445
13-2082.00,0.0375782881002087,0.0952380952380952,3.0,0.4844444444444445
13-2099.00,0.6837160751565762,0.6785714285714286,,
13-2099.01,0.18580375782881,0.0714285714285714,5.0,0.5555555555555557
13-2099.04,0.3089770354906054,0.1904761904761904,4.0,0.6072222222222222
15-1211.00,0.8465553235908142,0.8095238095238095,3.0,0.5361111111111111
15-1211.01,0.1482254697286012,0.1309523809523809,4.0,0.6236111111111111
15-1212.00,0.4311064718162839,0.4642857142857143,4.0,0.5411111111111111
15-1221.00,0.5563674321503131,0.5476190476190477,5.0,0.5744444444444443
15-1231.00,0.0991649269311064,0.1785714285714285,4.0,0.5738888888888889
15-1232.00,0.8674321503131524,0.7619047619047619,3.0,0.5880555555555556
15-1241.00,0.5083507306889353,0.5,4.0,0.5475
15-1241.01,0.0678496868475991,0.2857142857142857,3.0,0.5591666666666666
15-1242.00,0.8475991649269311,0.7261904761904762,4.0,0.5280555555555555
15-1243.00,0.4258872651356993,0.4166666666666667,4.0,0.5355555555555557
15-1243.01,0.6064718162839249,0.4761904761904761,4.0,0.4827777777777777
15-1244.00,0.2526096033402922,0.4761904761904761,4.0,0.5222222222222223
15-1251.00,0.8716075156576201,0.8571428571428571,4.0,0.4672222222222222
15-1252.00,0.8319415448851775,0.7261904761904762,,
15-1253.00,0.7473903966597077,0.7738095238095238,4.0,0.5452777777777778
15-1254.00,0.7359081419624217,0.6785714285714286,3.0,0.4783333333333333
15-1255.00,0.6764091858037579,0.5476190476190477,,
15-1255.01,0.0480167014613778,0.0833333333333333,4.0,0.5036111111111111
15-1299.00,0.9551148225469728,0.9523809523809524,,
15-1299.01,0.7056367432150313,0.5833333333333334,4.0,0.538888888888889
15-1299.02,0.2233820459290187,0.2857142857142857,4.0,0.5461111111111111
15-1299.03,0.2933194154488517,0.2619047619047619,4.0,0.5483333333333333
15-1299.04,0.0605427974947807,0.119047619047619,,
15-1299.05,0.4697286012526096,0.4880952380952381,,
15-1299.06,0.2212943632567849,0.2023809523809523,,
15-1299.07,0.0521920668058455,0.0714285714285714,,
15-1299.08,0.7588726513569938,0.6904761904761905,4.0,0.5786111111111112
15-1299.09,0.6816283924843424,0.5,4.0,0.6136111111111111
15-2011.00,0.2004175365344467,0.119047619047619,4.0,0.4977777777777777
15-2021.00,0.4801670146137787,0.3928571428571428,5.0,0.5277777777777777
15-2031.00,0.8705636743215032,0.8095238095238095,5.0,0.5636111111111111
15-2041.00,0.8423799582463466,0.75,5.0,0.5108333333333334
15-2041.01,0.0908141962421711,0.0714285714285714,5.0,0.5413888888888889
15-2051.00,0.9331941544885176,0.8095238095238095,,
15-2051.01,0.8663883089770354,0.6666666666666666,4.0,0.4944444444444443
15-2051.02,0.3903966597077244,0.369047619047619,4.0,0.5063888888888889
15-2099.00,0.8298538622129437,0.75,,
15-2099.01,0.2484342379958246,0.1904761904761904,4.0,0.5502777777777778
17-1011.00,0.0177453027139874,0.0357142857142857,5.0,0.6347222222222223
17-1012.00,0.0125260960334029,0.0357142857142857,4.0,0.5988888888888889
17-1021.00,0.4321503131524008,0.6547619047619048,4.0,0.5566666666666666
17-1022.00,0.1075156576200417,0.3333333333333333,4.0,0.6786111111111112
17-1022.01,0.0751565762004175,0.1666666666666666,4.0,0.6052777777777777
17-2011.00,0.0167014613778705,0.1547619047619047,4.0,0.5497222222222223
17-2021.00,0.0511482254697286,0.4404761904761904,4.0,0.6375
17-2031.00,0.2254697286012526,0.5357142857142857,4.0,0.5666666666666667
17-2041.00,0.0208768267223382,0.1071428571428571,4.0,0.6477777777777779
17-2051.00,0.0313152400835073,0.2261904761904762,4.0,0.6111111111111112
17-2051.01,0.0469728601252609,0.1309523809523809,4.0,0.6219444444444445
17-2051.02,0.0417536534446764,0.1666666666666666,4.0,0.5883333333333334
17-2061.00,0.6315240083507306,0.7380952380952381,4.0,0.5469444444444443
17-2071.00,0.068893528183716,0.5595238095238095,4.0,0.6305555555555555
17-2072.00,0.1210855949895615,0.6071428571428571,4.0,0.5058333333333334
17-2072.01,0.0375782881002087,0.2142857142857142,4.0,0.5622222222222222
17-2081.00,0.1054279749478079,0.4047619047619047,4.0,0.611111111111111
17-2111.00,0.0866388308977035,0.5238095238095238,4.0,0.6555555555555556
17-2111.02,0.0584551148225469,0.1547619047619047,4.0,0.5852777777777778
17-2112.00,0.2912317327766179,0.7023809523809523,4.0,0.6358333333333334
17-2112.01,0.1377870563674321,0.3571428571428571,5.0,0.6469444444444444
17-2112.02,0.0991649269311064,0.5238095238095238,4.0,0.5766666666666667
17-2112.03,0.0845511482254697,0.6071428571428571,4.0,0.6205555555555556
17-2121.00,0.0031315240083507,0.0238095238095238,4.0,0.6211111111111112
17-2131.00,0.0553235908141962,0.4761904761904761,4.0,0.601388888888889
17-2141.00,0.1294363256784968,0.7380952380952381,4.0,0.6261111111111112
17-2141.01,0.0062630480167014,0.0119047619047619,4.0,0.5652777777777778
17-2141.02,0.0490605427974947,0.3809523809523809,4.0,0.615
17-2151.00,0.0219206680584551,0.1547619047619047,4.0,0.6005555555555555
17-2161.00,0.0052192066805845,0.0238095238095238,4.0,0.61
17-2171.00,0.0250521920668058,0.1071428571428571,4.0,0.6088888888888889
17-2199.00,0.9050104384133612,0.9285714285714286,,
17-2199.03,0.0908141962421711,0.2857142857142857,4.0,0.5888888888888889
17-2199.05,0.7870563674321504,0.8690476190476191,4.0,0.5761111111111111
17-2199.06,0.0187891440501043,0.3214285714285714,5.0,0.62
17-2199.07,0.0939457202505219,0.3214285714285714,4.0,0.5569444444444444
17-2199.08,0.407098121085595,0.8095238095238095,4.0,0.6438888888888888
17-2199.09,0.0490605427974947,0.2261904761904762,5.0,0.6452777777777778
17-2199.10,0.0083507306889352,0.0357142857142857,4.0,0.5272222222222223
17-2199.11,0.0448851774530271,0.1309523809523809,4.0,0.6527777777777779
17-3011.00,0.0260960334029227,0.0952380952380952,3.0,0.53
17-3012.00,0.0438413361169102,0.3809523809523809,3.0,0.5155555555555557
17-3013.00,0.0490605427974947,0.5238095238095238,3.0,0.488611111111111
17-3019.00,0.872651356993737,0.8690476190476191,,
17-3021.00,0.0668058455114822,0.3571428571428571,3.0,0.5480555555555555
17-3022.00,0.0407098121085595,0.2142857142857142,3.0,0.5958333333333333
17-3023.00,0.1889352818371607,0.6190476190476191,3.0,0.5761111111111111
17-3024.00,0.3496868475991649,0.8571428571428571,3.0,0.5741666666666666
17-3024.01,0.2212943632567849,0.8214285714285714,3.0,0.6238888888888888
17-3025.00,0.0427974947807933,0.3571428571428571,4.0,0.6091666666666666
17-3026.00,0.4759916492693111,0.75,3.0,0.5816666666666667
17-3026.01,0.0866388308977035,0.3809523809523809,4.0,0.601388888888889
17-3027.00,0.0709812108559499,0.6428571428571429,3.0,0.5986111111111111
17-3027.01,0.5020876826722338,0.7857142857142857,3.0,0.5755555555555556
17-3028.00,0.2640918580375783,0.7738095238095238,,
17-3029.00,0.8810020876826722,0.9047619047619048,,
17-3029.01,0.0198329853862212,0.0952380952380952,2.0,0.6086111111111111
17-3029.08,0.0260960334029227,0.238095238095238,3.0,0.5447222222222222
17-3031.00,0.3246346555323591,0.6428571428571429,3.0,0.5688888888888889
19-1011.00,0.0156576200417536,0.0238095238095238,5.0,0.6772222222222222
19-1012.00,0.0532359081419624,0.2023809523809523,4.0,0.5663888888888889
19-1013.00,0.022964509394572,0.0714285714285714,5.0,0.6691666666666667
19-1021.00,0.0375782881002087,0.0476190476190476,5.0,0.6452777777777778
19-1022.00,0.0125260960334029,0.0833333333333333,5.0,0.6461111111111112
19-1023.00,0.0469728601252609,0.1309523809523809,4.0,0.6297222222222222
19-1029.00,0.4029227557411273,0.6785714285714286,,
19-1029.01,0.2118997912317327,0.2142857142857142,5.0,0.6041666666666666
19-1029.02,0.0281837160751565,0.0714285714285714,5.0,0.6072222222222223
19-1029.03,0.0281837160751565,0.0595238095238095,5.0,0.6058333333333333
19-1029.04,0.0167014613778705,0.1071428571428571,5.0,0.7086111111111112
19-1031.00,0.0292275574112734,0.1428571428571428,4.0,0.5994444444444443
19-1031.02,0.0240083507306889,0.119047619047619,4.0,0.6588888888888889
19-1031.03,0.0845511482254697,0.1071428571428571,4.0,0.6136111111111111
19-1032.00,0.0845511482254697,0.1785714285714285,4.0,0.6383333333333333
19-1041.00,0.0876826722338204,0.0833333333333333,5.0,0.6163888888888889
19-1042.00,0.0970772442588726,0.119047619047619,5.0,0.6319444444444445
19-1099.00,0.4686847599164926,0.5238095238095238,,
19-2011.00,0.0156576200417536,0.0357142857142857,5.0,0.5736111111111111
19-2012.00,0.0521920668058455,0.3571428571428571,5.0,0.5563888888888889
19-2021.00,0.1565762004175365,0.1666666666666666,4.0,0.581388888888889
19-2031.00,0.0657620041753653,0.238095238095238,4.0,0.5908333333333333
19-2032.00,0.0177453027139874,0.1666666666666666,5.0,0.6238888888888889
19-2041.00,0.1826722338204593,0.4166666666666667,4.0,0.5472222222222223
19-2041.01,0.0762004175365344,0.0476190476190476,5.0,0.538888888888889
19-2041.02,0.1064718162839248,0.3095238095238095,5.0,0.6263888888888889
19-2041.03,0.0762004175365344,0.3809523809523809,5.0,0.5638888888888889
19-2042.00,0.0271398747390396,0.1071428571428571,5.0,0.6083333333333334
19-2043.00,0.0167014613778705,0.0476190476190476,5.0,0.596388888888889
19-2099.00,0.5187891440501043,0.7380952380952381,,
19-2099.01,0.1931106471816284,0.4404761904761904,4.0,0.5566666666666666
19-3011.00,0.3475991649269311,0.238095238095238,5.0,0.548611111111111
19-3011.01,0.0908141962421711,0.119047619047619,5.0,0.5219444444444443
19-3022.00,0.7077244258872651,0.5238095238095238,5.0,0.5447222222222223
19-3032.00,0.558455114822547,0.5,5.0,0.6130555555555555
19-3033.00,0.0354906054279749,0.0238095238095238,5.0,0.5752777777777778
19-3034.00,0.0501043841336116,0.0714285714285714,5.0,0.56
19-3039.00,0.3945720250521921,0.3095238095238095,,
19-3039.02,0.0219206680584551,0.0119047619047619,,
19-3039.03,0.0250521920668058,0.0119047619047619,,
19-3041.00,0.1304801670146138,0.0714285714285714,5.0,0.5891666666666666
19-3051.00,0.0167014613778705,0.0476190476190476,5.0,0.5780555555555557
19-3091.00,0.0386221294363256,0.0238095238095238,5.0,0.6075
19-3092.00,0.0542797494780793,0.0595238095238095,4.0,0.5377777777777777
19-3093.00,0.2588726513569937,0.1785714285714285,5.0,0.5891666666666666
19-3094.00,0.1054279749478079,0.0357142857142857,5.0,0.5641666666666666
19-3099.00,0.6022964509394572,0.5595238095238095,,
19-3099.01,0.3068893528183716,0.4880952380952381,4.0,0.538611111111111
19-4012.00,0.2348643006263048,0.4047619047619047,3.0,0.6091666666666666
19-4012.01,0.1419624217118998,0.2738095238095238,3.0,0.6169444444444445
19-4013.00,0.0563674321503131,0.238095238095238,3.0,0.5894444444444445
19-4021.00,0.1722338204592902,0.369047619047619,4.0,0.5394444444444444
19-4031.00,0.0720250521920668,0.2976190476190476,3.0,0.56
19-4042.00,0.0553235908141962,0.3452380952380952,4.0,0.6052777777777777
19-4043.00,0.1054279749478079,0.2976190476190476,4.0,0.5827777777777777
19-4044.00,0.1064718162839248,0.2976190476190476,,
19-4051.00,0.0281837160751565,0.1547619047619047,3.0,0.6475
19-4051.02,0.0177453027139874,0.1309523809523809,3.0,0.6488888888888888
19-4061.00,0.3434237995824634,0.3214285714285714,4.0,0.4547222222222223
19-4071.00,0.0772442588726513,0.238095238095238,3.0,0.6805555555555556
19-4092.00,0.0918580375782881,0.238095238095238,3.0,0.6522222222222221
19-4099.00,0.8653444676409185,0.8690476190476191,,
19-4099.01,0.127348643006263,0.4880952380952381,3.0,0.5641666666666666
19-4099.03,0.1617954070981211,0.4642857142857143,4.0,0.4844444444444443
19-5011.00,0.0960334029227557,0.4047619047619047,4.0,0.6877777777777778
19-5012.00,0.1659707724425887,0.5357142857142857,3.0,0.6516666666666667
21-1011.00,0.0073068893528183,0.0,5.0,0.6291666666666667
21-1012.00,0.3079331941544885,0.2261904761904762,5.0,0.6375
21-1013.00,0.0093945720250521,0.0,5.0,0.5505555555555555
21-1014.00,0.0323590814196242,0.0119047619047619,5.0,0.5705555555555556
21-1015.00,0.2045929018789144,0.3214285714285714,4.0,0.5919444444444445
21-1019.00,0.6764091858037579,0.7619047619047619,,
21-1021.00,0.0271398747390396,0.0119047619047619,4.0,0.64
21-1022.00,0.0584551148225469,0.0476190476190476,5.0,0.6308333333333334
21-1023.00,0.0167014613778705,0.0119047619047619,5.0,0.6255555555555555
21-1029.00,0.3705636743215031,0.4642857142857143,,
21-1091.00,0.0824634655532359,0.0238095238095238,4.0,0.6219444444444445
21-1092.00,0.022964509394572,0.0357142857142857,4.0,0.6669444444444445
21-1093.00,0.2077244258872651,0.1428571428571428,4.0,0.6375
21-1094.00,0.1899791231732776,0.2142857142857142,4.0,0.6344444444444444
21-1099.00,0.6471816283924844,0.7261904761904762,,
21-2011.00,0.0020876826722338,0.0119047619047619,5.0,0.6683333333333333
21-2021.00,0.0438413361169102,0.0238095238095238,4.0,0.5644444444444443
21-2099.00,0.4624217118997912,0.6666666666666666,,
23-1011.00,0.0396659707724425,0.0476190476190476,5.0,0.6586111111111111
23-1012.00,0.1732776617954071,0.1666666666666666,5.0,0.5080555555555556
23-1021.00,0.0281837160751565,0.0476190476190476,5.0,0.5627777777777778
23-1022.00,0.0615866388308977,0.0833333333333333,5.0,0.515
23-1023.00,0.0083507306889352,0.0,5.0,0.7088888888888889
23-2011.00,0.3747390396659708,0.2976190476190476,3.0,0.4383333333333333
23-2093.00,0.4739039665970772,0.3571428571428571,2.0,0.5322222222222223
23-2099.00,0.6899791231732777,0.6428571428571429,,
25-1011.00,0.2640918580375783,0.1785714285714285,5.0,0.6105555555555556
25-1021.00,0.5041753653444676,0.4642857142857143,5.0,0.601388888888889
25-1022.00,0.3100208768267223,0.2023809523809523,5.0,0.5680555555555556
25-1031.00,0.0354906054279749,0.0357142857142857,5.0,0.6491666666666667
25-1032.00,0.1148225469728601,0.5119047619047619,5.0,0.6208333333333333
25-1041.00,0.0678496868475991,0.1666666666666666,5.0,0.6644444444444444
25-1042.00,0.0647181628392484,0.0833333333333333,5.0,0.6933333333333332
25-1043.00,0.022964509394572,0.0119047619047619,5.0,0.7097222222222221
25-1051.00,0.1012526096033402,0.2142857142857142,5.0,0.6583333333333333
25-1052.00,0.0981210855949895,0.2261904761904762,5.0,0.6755555555555556
25-1053.00,0.0751565762004175,0.1071428571428571,5.0,0.666388888888889
25-1054.00,0.0448851774530271,0.0476190476190476,5.0,0.6202777777777777
25-1061.00,0.0219206680584551,0.0238095238095238,5.0,0.6211111111111111
25-1062.00,0.1116910229645093,0.0595238095238095,5.0,0.616111111111111
25-1063.00,0.0960334029227557,0.0357142857142857,5.0,0.5786111111111111
25-1064.00,0.0511482254697286,0.0119047619047619,5.0,0.6172222222222223
25-1065.00,0.0615866388308977,0.0595238095238095,5.0,0.5733333333333334
25-1066.00,0.0678496868475991,0.0238095238095238,5.0,0.6047222222222223
25-1067.00,0.0501043841336116,0.0119047619047619,5.0,0.5980555555555557
25-1069.00,0.487473903966597,0.3809523809523809,,
25-1071.00,0.0782881002087682,0.0833333333333333,5.0,0.6727777777777778
25-1072.00,0.0177453027139874,0.0238095238095238,5.0,0.6986111111111112
25-1081.00,0.2171189979123173,0.1428571428571428,5.0,0.6327777777777778
25-1082.00,0.1096033402922755,0.0714285714285714,5.0,0.5758333333333333
25-1111.00,0.0354906054279749,0.0238095238095238,5.0,0.6477777777777779
25-1112.00,0.0584551148225469,0.0,5.0,0.6019444444444445
25-1113.00,0.0438413361169102,0.0,5.0,0.6019444444444444
25-1121.00,0.0302713987473903,0.0476190476190476,5.0,0.6188888888888889
25-1122.00,0.2505219206680584,0.119047619047619,5.0,0.6372222222222222
25-1123.00,0.0939457202505219,0.0238095238095238,5.0,0.5705555555555556
25-1124.00,0.1283924843423799,0.1071428571428571,5.0,0.5538888888888889
25-1125.00,0.011482254697286,0.0,5.0,0.5686111111111112
25-1126.00,0.0250521920668058,0.0119047619047619,5.0,0.5788888888888889
25-1192.00,0.0855949895615866,0.0833333333333333,5.0,0.6183333333333334
25-1193.00,0.0354906054279749,0.0476190476190476,5.0,0.6855555555555556
25-1194.00,0.1440501043841336,0.4761904761904761,3.0,0.5933333333333334
25-1199.00,0.7181628392484343,0.7976190476190477,,
25-2011.00,0.022964509394572,0.0714285714285714,3.0,0.5516666666666666
25-2012.00,0.0125260960334029,0.0357142857142857,4.0,0.6263888888888889
25-2021.00,0.034446764091858,0.0476190476190476,4.0,0.6211111111111111
25-2022.00,0.1680584551148225,0.1666666666666666,4.0,0.6591666666666667
25-2023.00,0.2327766179540709,0.3333333333333333,4.0,0.6344444444444445
25-2031.00,0.1732776617954071,0.1428571428571428,4.0,0.6216666666666666
25-2032.00,0.2974947807933194,0.3333333333333333,4.0,0.6608333333333333
25-2051.00,0.0187891440501043,0.0595238095238095,5.0,0.6433333333333333
25-2055.00,0.0104384133611691,0.0357142857142857,,
25-2056.00,0.0240083507306889,0.0357142857142857,,
25-2057.00,0.0292275574112734,0.0238095238095238,4.0,0.6488888888888888
25-2058.00,0.0334029227557411,0.0476190476190476,4.0,0.6238888888888888
25-2059.00,0.2025052192066805,0.2142857142857142,,
25-2059.01,0.0031315240083507,0.0238095238095238,5.0,0.7041666666666667
25-3011.00,0.1638830897703549,0.1547619047619047,4.0,0.5905555555555556
25-3021.00,0.2359081419624217,0.2619047619047619,3.0,0.5333333333333333
25-3031.00,0.2275574112734864,0.3571428571428571,,
25-3041.00,0.1555323590814196,0.119047619047619,3.0,0.496111111111111
25-3099.00,0.5741127348643006,0.6785714285714286,,
25-4011.00,0.290187891440501,0.3214285714285714,5.0,0.5508333333333334
25-4012.00,0.0438413361169102,0.0833333333333333,5.0,0.6222222222222222
25-4013.00,0.0407098121085595,0.1785714285714285,4.0,0.5716666666666667
25-4022.00,0.5427974947807933,0.3809523809523809,5.0,0.6152777777777777
25-4031.00,0.2129436325678496,0.4166666666666667,3.0,0.5272222222222223
25-9021.00,0.0563674321503131,0.2023809523809523,5.0,0.6477777777777777
25-9031.00,0.5417536534446764,0.5119047619047619,5.0,0.6125
25-9042.00,0.0396659707724425,0.0833333333333333,,
25-9043.00,0.0375782881002087,0.0595238095238095,,
25-9044.00,0.3528183716075156,0.369047619047619,5.0,0.5711111111111111
25-9049.00,0.7494780793319415,0.8333333333333334,,
25-9099.00,0.7306889352818372,0.6547619047619048,,
27-1011.00,0.2171189979123173,0.2261904761904762,4.0,0.5155555555555557
27-1012.00,0.0167014613778705,0.2023809523809523,3.0,0.4394444444444443
27-1013.00,0.0563674321503131,0.1071428571428571,3.0,0.3991666666666666
27-1014.00,0.1242171189979123,0.1904761904761904,4.0,0.5752777777777778
27-1019.00,0.4311064718162839,0.5119047619047619,,
27-1021.00,0.0292275574112734,0.25,4.0,0.5722222222222222
27-1022.00,0.0187891440501043,0.0357142857142857,3.0,0.4805555555555556
27-1023.00,0.0083507306889352,0.0476190476190476,2.0,0.5633333333333334
27-1024.00,0.2077244258872651,0.25,4.0,0.508888888888889
27-1025.00,0.0219206680584551,0.0833333333333333,4.0,0.6047222222222223
27-1026.00,0.0396659707724425,0.1547619047619047,3.0,0.495
27-1027.00,0.0375782881002087,0.0238095238095238,5.0,0.5969444444444444
27-1029.00,0.7693110647181628,0.8928571428571429,,
27-2011.00,0.0918580375782881,0.1071428571428571,2.0,0.518888888888889
27-2012.00,0.1064718162839248,0.119047619047619,4.0,0.6091666666666666
27-2012.03,0.1993736951983298,0.1666666666666666,4.0,0.5913888888888889
27-2012.04,0.1336116910229645,0.1428571428571428,4.0,0.5816666666666667
27-2012.05,0.1085594989561586,0.2023809523809523,4.0,0.6527777777777779
27-2021.00,0.0062630480167014,0.0357142857142857,2.0,0.5755555555555555
27-2022.00,0.0636743215031315,0.1904761904761904,4.0,0.6494444444444444
27-2023.00,0.0208768267223382,0.0595238095238095,2.0,0.4822222222222223
27-2031.00,0.0219206680584551,0.0476190476190476,3.0,0.5330555555555556
27-2032.00,0.0396659707724425,0.0714285714285714,4.0,0.6427777777777779
27-2041.00,0.0104384133611691,0.0238095238095238,4.0,0.5883333333333334
27-2042.00,0.0281837160751565,0.0238095238095238,4.0,0.4341666666666666
27-2091.00,0.0323590814196242,0.1309523809523809,,
27-2099.00,0.2098121085594989,0.3809523809523809,,
27-3011.00,0.4613778705636743,0.5357142857142857,4.0,0.6163888888888889
27-3023.00,0.5146137787056367,0.369047619047619,4.0,0.5997222222222223
27-3031.00,0.6743215031315241,0.5952380952380952,4.0,0.5791666666666666
27-3041.00,0.7933194154488518,0.5119047619047619,4.0,0.5613888888888888
27-3042.00,0.6910229645093946,0.7738095238095238,4.0,0.4922222222222223
27-3043.00,0.5260960334029228,0.3333333333333333,4.0,0.5308333333333334
27-3043.05,0.1649269311064718,0.0714285714285714,4.0,0.3955555555555555
27-3091.00,0.5250521920668059,0.2738095238095238,4.0,0.5788888888888889
27-3092.00,0.5041753653444676,0.4047619047619047,3.0,0.4994444444444443
27-3099.00,0.860125260960334,0.8809523809523809,,
27-4011.00,0.1127348643006263,0.1666666666666666,3.0,0.55
27-4012.00,0.1638830897703549,0.2857142857142857,3.0,0.5675
27-4014.00,0.1200417536534446,0.1309523809523809,3.0,0.5597222222222222
27-4015.00,0.0167014613778705,0.1547619047619047,,
27-4021.00,0.1899791231732776,0.2857142857142857,3.0,0.5675
27-4031.00,0.0521920668058455,0.0833333333333333,3.0,0.5572222222222223
27-4032.00,0.1002087682672233,0.1309523809523809,4.0,0.5180555555555556
27-4099.00,0.802713987473904,0.9047619047619048,,
29-1011.00,0.0031315240083507,0.0357142857142857,5.0,0.7116666666666667
29-1021.00,0.0052192066805845,0.0119047619047619,5.0,0.7569444444444444
29-1022.00,0.0020876826722338,0.0238095238095238,5.0,0.7655555555555555
29-1023.00,0.0020876826722338,0.0238095238095238,5.0,0.7422222222222221
29-1024.00,0.0020876826722338,0.0119047619047619,5.0,0.7597222222222222
29-1029.00,0.1231732776617954,0.119047619047619,,
29-1031.00,0.0313152400835073,0.0952380952380952,5.0,0.6088888888888889
29-1041.00,0.0093945720250521,0.0,5.0,0.69
29-1051.00,0.0897703549060542,0.0952380952380952,5.0,0.7036111111111112
29-1071.00,0.0772442588726513,0.0952380952380952,5.0,0.6975
29-1071.01,0.0250521920668058,0.0714285714285714,5.0,0.6813888888888888
29-1081.00,0.0010438413361169,0.0,5.0,0.7394444444444445
29-1122.00,0.0187891440501043,0.0595238095238095,5.0,0.6575
29-1122.01,0.0751565762004175,0.1071428571428571,5.0,0.6708333333333333
29-1123.00,0.0125260960334029,0.0952380952380952,5.0,0.7072222222222222
29-1124.00,0.0083507306889352,0.0595238095238095,3.0,0.6275
29-1125.00,0.0845511482254697,0.1071428571428571,4.0,0.6566666666666667
29-1126.00,0.045929018789144,0.1071428571428571,3.0,0.6116666666666667
29-1127.00,0.0918580375782881,0.0238095238095238,5.0,0.6472222222222221
29-1128.00,0.0125260960334029,0.0119047619047619,4.0,0.6158333333333333
29-1129.00,0.231732776617954,0.3571428571428571,,
29-1129.01,0.0083507306889352,0.0119047619047619,5.0,0.6227777777777778
29-1129.02,0.0083507306889352,0.0,4.0,0.5480555555555556
29-1131.00,0.0156576200417536,0.0119047619047619,5.0,0.7236111111111111
29-1141.00,0.0772442588726513,0.0476190476190476,4.0,0.6563888888888889
29-1141.01,0.0052192066805845,0.0119047619047619,3.0,0.66
29-1141.02,0.0104384133611691,0.0119047619047619,5.0,0.6133333333333334
29-1141.03,0.0093945720250521,0.0119047619047619,4.0,0.6622222222222222
29-1141.04,0.0396659707724425,0.0476190476190476,5.0,0.7138888888888889
29-1151.00,0.0010438413361169,0.0119047619047619,5.0,0.7275
29-1161.00,0.0031315240083507,0.0,5.0,0.7019444444444445
29-1171.00,0.0313152400835073,0.0357142857142857,5.0,0.705
29-1181.00,0.0678496868475991,0.0238095238095238,5.0,0.66
29-1211.00,0.0010438413361169,0.0,5.0,0.7372222222222221
29-1212.00,0.011482254697286,0.0,,
29-1213.00,0.0125260960334029,0.0119047619047619,5.0,0.7333333333333333
29-1214.00,0.0146137787056367,0.0119047619047619,,
29-1215.00,0.0240083507306889,0.0357142857142857,5.0,0.7286111111111111
29-1216.00,0.0146137787056367,0.0238095238095238,5.0,0.705
29-1217.00,0.0167014613778705,0.0,5.0,0.7225
29-1218.00,0.0240083507306889,0.0476190476190476,5.0,0.7216666666666667
29-1221.00,0.0104384133611691,0.0,5.0,0.6936111111111112
29-1222.00,0.0354906054279749,0.0357142857142857,5.0,0.6377777777777778
29-1223.00,0.0240083507306889,0.0119047619047619,5.0,0.6413888888888889
29-1224.00,0.0417536534446764,0.0357142857142857,5.0,0.6572222222222222
29-1229.00,0.2494780793319415,0.2857142857142857,,
29-1229.01,0.0167014613778705,0.0,5.0,0.7044444444444444
29-1229.02,0.0219206680584551,0.0238095238095238,5.0,0.7238888888888888
29-1229.03,0.0177453027139874,0.0476190476190476,5.0,0.7538888888888888
29-1229.04,0.0041753653444676,0.0238095238095238,5.0,0.715
29-1229.05,0.0876826722338204,0.0238095238095238,5.0,0.7030555555555555
29-1229.06,0.0073068893528183,0.0238095238095238,5.0,0.7511111111111112
29-1241.00,0.0052192066805845,0.0238095238095238,5.0,0.7230555555555556
29-1242.00,0.0010438413361169,0.0238095238095238,,
29-1243.00,0.0010438413361169,0.0238095238095238,,
29-1249.00,0.0855949895615866,0.2023809523809523,,
29-1291.00,0.0,0.0,5.0,0.6605555555555556
29-1292.00,0.034446764091858,0.0714285714285714,3.0,0.5286111111111111
29-1299.00,0.1962421711899791,0.1904761904761904,,
29-1299.01,0.022964509394572,0.0119047619047619,5.0,0.6477777777777779
29-1299.02,0.011482254697286,0.0238095238095238,5.0,0.6058333333333333
29-2011.00,0.0594989561586638,0.1071428571428571,4.0,0.6541666666666667
29-2011.01,0.0438413361169102,0.0833333333333333,4.0,0.5944444444444446
29-2011.02,0.0438413361169102,0.119047619047619,5.0,0.5905555555555555
29-2011.04,0.162839248434238,0.2619047619047619,,
29-2012.00,0.0668058455114822,0.0833333333333333,3.0,0.5488888888888889
29-2012.01,0.0292275574112734,0.1666666666666666,,
29-2031.00,0.0187891440501043,0.0476190476190476,3.0,0.5833333333333334
29-2032.00,0.0219206680584551,0.0833333333333333,3.0,0.5433333333333333
29-2033.00,0.0125260960334029,0.0714285714285714,3.0,0.6033333333333334
29-2034.00,0.0093945720250521,0.0476190476190476,3.0,0.5994444444444444
29-2035.00,0.0480167014613778,0.0714285714285714,3.0,0.6122222222222222
29-2036.00,0.0657620041753653,0.0595238095238095,,
29-2042.00,0.0762004175365344,0.238095238095238,,
29-2043.00,0.022964509394572,0.0714285714285714,,
29-2051.00,0.0490605427974947,0.2261904761904762,3.0,0.6288888888888888
29-2052.00,0.0605427974947807,0.1428571428571428,3.0,0.5491666666666667
29-2053.00,0.081419624217119,0.1428571428571428,3.0,0.5938888888888889
29-2055.00,0.0563674321503131,0.2142857142857142,3.0,0.6188888888888888
29-2056.00,0.045929018789144,0.1785714285714285,3.0,0.5805555555555555
29-2057.00,0.1304801670146138,0.1666666666666666,3.0,0.5716666666666667
29-2061.00,0.0281837160751565,0.0595238095238095,3.0,0.6033333333333334
29-2072.00,0.302713987473904,0.2142857142857142,,
29-2081.00,0.0208768267223382,0.0833333333333333,3.0,0.5722222222222222
29-2091.00,0.0020876826722338,0.0119047619047619,5.0,0.6508333333333333
29-2092.00,0.0260960334029227,0.0833333333333333,3.0,0.5561111111111111
29-2099.00,0.7682672233820459,0.8095238095238095,,
29-2099.01,0.0062630480167014,0.0119047619047619,3.0,0.5683333333333334
29-2099.05,0.1951983298538622,0.3214285714285714,3.0,0.5605555555555555
29-2099.08,0.1179540709812108,0.0476190476190476,3.0,0.5275
29-9021.00,0.3643006263048016,0.2857142857142857,,
29-9091.00,0.0156576200417536,0.0357142857142857,5.0,0.7797222222222221
29-9092.00,0.0782881002087682,0.0357142857142857,5.0,0.5702777777777778
29-9093.00,0.0135699373695198,0.1309523809523809,3.0,0.5991666666666666
29-9099.00,0.4759916492693111,0.4880952380952381,,
29-9099.01,0.0031315240083507,0.0119047619047619,5.0,0.6613888888888888
31-1121.00,0.0855949895615866,0.2261904761904762,2.0,0.5044444444444445
31-1122.00,0.0563674321503131,0.2023809523809523,2.0,0.5202777777777778
31-1131.00,0.0887265135699373,0.25,3.0,0.5741666666666666
31-1132.00,0.0354906054279749,0.2738095238095238,2.0,0.6091666666666666
31-1133.00,0.0490605427974947,0.119047619047619,2.0,0.5833333333333334
31-2011.00,0.0678496868475991,0.1309523809523809,3.0,0.6427777777777779
31-2012.00,0.1263048016701461,0.4642857142857143,3.0,0.5875
31-2021.00,0.0302713987473903,0.0952380952380952,3.0,0.5852777777777778
31-2022.00,0.0657620041753653,0.3095238095238095,2.0,0.5013888888888889
31-9011.00,0.0041753653444676,0.0357142857142857,3.0,0.5108333333333334
31-9091.00,0.2734864300626304,0.4285714285714285,3.0,0.5872222222222223
31-9092.00,0.5480167014613778,0.5833333333333334,3.0,0.5488888888888889
31-9093.00,0.0751565762004175,0.4166666666666667,2.0,0.5530555555555555
31-9094.00,0.4384133611691023,0.3095238095238095,3.0,0.5569444444444444
31-9095.00,0.1993736951983298,0.4523809523809524,2.0,0.5244444444444445
31-9096.00,0.0292275574112734,0.2142857142857142,2.0,0.5422222222222222
31-9097.00,0.0083507306889352,0.0476190476190476,3.0,0.625
31-9099.00,0.4112734864300626,0.4880952380952381,,
31-9099.01,0.0835073068893528,0.0952380952380952,3.0,0.5011111111111111
31-9099.02,0.0240083507306889,0.1547619047619047,2.0,0.5613888888888888
33-1011.00,0.0313152400835073,0.0952380952380952,3.0,0.7122222222222221
33-1012.00,0.0323590814196242,0.0476190476190476,3.0,0.7372222222222221
33-1021.00,0.0281837160751565,0.0833333333333333,3.0,0.7430555555555556
33-1091.00,0.2578288100208768,0.5,,
33-1099.00,0.4655532359081419,0.7619047619047619,,
33-2011.00,0.0104384133611691,0.0952380952380952,3.0,0.7038888888888889
33-2021.00,0.0605427974947807,0.2142857142857142,3.0,0.6686111111111112
33-2022.00,0.1116910229645093,0.2142857142857142,3.0,0.7127777777777778
33-3011.00,0.0313152400835073,0.0238095238095238,3.0,0.5361111111111111
33-3012.00,0.022964509394572,0.1309523809523809,2.0,0.6452777777777778
33-3021.00,0.034446764091858,0.0119047619047619,3.0,0.6888888888888889
33-3021.02,0.1096033402922755,0.2261904761904762,3.0,0.7044444444444444
33-3021.06,0.1524008350730689,0.1547619047619047,4.0,0.5919444444444444
33-3031.00,0.092901878914405,0.2976190476190476,4.0,0.7538888888888888
33-3041.00,0.1430062630480167,0.4285714285714285,2.0,0.5211111111111112
33-3051.00,0.011482254697286,0.0476190476190476,3.0,0.6866666666666668
33-3051.04,0.0636743215031315,0.0833333333333333,3.0,0.6791666666666667
33-3052.00,0.0323590814196242,0.1547619047619047,3.0,0.6927777777777778
33-9011.00,0.0083507306889352,0.0595238095238095,2.0,0.6188888888888888
33-9021.00,0.545929018789144,0.4761904761904761,3.0,0.5472222222222222
33-9031.00,0.1993736951983298,0.1904761904761904,2.0,0.5558333333333334
33-9032.00,0.1377870563674321,0.5714285714285714,2.0,0.6013888888888889
33-9091.00,0.0427974947807933,0.238095238095238,2.0,0.5377777777777778
33-9092.00,0.0636743215031315,0.1785714285714285,2.0,0.6072222222222222
33-9093.00,0.0782881002087682,0.1666666666666666,2.0,0.5227777777777777
33-9094.00,0.0396659707724425,0.1904761904761904,,
33-9099.00,0.6064718162839249,0.8809523809523809,,
33-9099.02,0.1795407098121085,0.5119047619047619,2.0,0.5691666666666666
35-1011.00,0.0104384133611691,0.1428571428571428,3.0,0.6483333333333333
35-1012.00,0.0501043841336116,0.3452380952380952,2.0,0.635
35-2011.00,0.0208768267223382,0.238095238095238,1.0,0.4663888888888889
35-2012.00,0.0104384133611691,0.1428571428571428,2.0,0.5308333333333334
35-2013.00,0.0125260960334029,0.1071428571428571,3.0,0.4711111111111111
35-2014.00,0.0396659707724425,0.2142857142857142,2.0,0.4786111111111111
35-2015.00,0.0751565762004175,0.3809523809523809,2.0,0.5325
35-2019.00,0.395615866388309,0.4642857142857143,,
35-2021.00,0.0292275574112734,0.238095238095238,1.0,0.5066666666666666
35-3011.00,0.0093945720250521,0.1547619047619047,2.0,0.4366666666666666
35-3023.00,0.1597077244258872,0.4523809523809524,1.0,0.4577777777777777
35-3023.01,0.034446764091858,0.2142857142857142,1.0,0.4380555555555556
35-3031.00,0.0521920668058455,0.3095238095238095,2.0,0.4375
35-3041.00,0.0208768267223382,0.238095238095238,2.0,0.5547222222222223
35-9011.00,0.0532359081419624,0.369047619047619,1.0,0.44
35-9021.00,0.0093945720250521,0.1666666666666666,1.0,0.4363888888888889
35-9031.00,0.0835073068893528,0.3809523809523809,2.0,0.5225
35-9099.00,0.0751565762004175,0.3452380952380952,,
37-1011.00,0.1711899791231732,0.4285714285714285,2.0,0.5844444444444445
37-1012.00,0.2526096033402922,0.4404761904761904,3.0,0.7011111111111111
37-2011.00,0.0772442588726513,0.5,3.0,0.5455555555555557
37-2012.00,0.127348643006263,0.3809523809523809,1.0,0.3777777777777777
37-2019.00,0.0636743215031315,0.4047619047619047,,
37-2021.00,0.0083507306889352,0.0476190476190476,2.0,0.5530555555555555
37-3011.00,0.0187891440501043,0.1785714285714285,1.0,0.4891666666666666
37-3012.00,0.0104384133611691,0.1428571428571428,2.0,0.5572222222222222
37-3013.00,0.0093945720250521,0.1428571428571428,2.0,0.6219444444444445
37-3019.00,0.115866388308977,0.5,,
39-1013.00,0.3110647181628392,0.4404761904761904,2.0,0.5647222222222222
39-1014.00,0.2661795407098121,0.369047619047619,,
39-1022.00,0.407098121085595,0.6309523809523809,3.0,0.6302777777777778
39-2011.00,0.0219206680584551,0.0476190476190476,2.0,0.5958333333333333
39-2021.00,0.0198329853862212,0.1666666666666666,2.0,0.5541666666666667
39-3011.00,0.0511482254697286,0.1547619047619047,2.0,0.4372222222222223
39-3012.00,0.313152400835073,0.3452380952380952,2.0,0.4791666666666666
39-3019.00,0.5918580375782881,0.75,,
39-3021.00,0.022964509394572,0.0833333333333333,2.0,0.4583333333333333
39-3031.00,0.2066805845511482,0.3928571428571428,2.0,0.4213888888888889
39-3091.00,0.0605427974947807,0.238095238095238,1.0,0.4988888888888889
39-3092.00,0.0313152400835073,0.0714285714285714,2.0,0.5011111111111111
39-3093.00,0.0125260960334029,0.1071428571428571,2.0,0.4491666666666666
39-3099.00,0.3663883089770355,0.5357142857142857,,
39-4011.00,0.0020876826722338,0.0119047619047619,3.0,0.6972222222222222
39-4012.00,0.0020876826722338,0.0238095238095238,,
39-4021.00,0.0062630480167014,0.0714285714285714,2.0,0.5863888888888888
39-4031.00,0.0135699373695198,0.0357142857142857,3.0,0.6605555555555556
39-5011.00,0.0020876826722338,0.0357142857142857,3.0,0.5444444444444444
39-5012.00,0.0167014613778705,0.0595238095238095,3.0,0.5675
39-5091.00,0.0208768267223382,0.0238095238095238,3.0,0.5569444444444444
39-5092.00,0.0031315240083507,0.0357142857142857,2.0,0.4144444444444444
39-5093.00,0.0020876826722338,0.0357142857142857,2.0,0.47
39-5094.00,0.0073068893528183,0.0357142857142857,3.0,0.523611111111111
39-6011.00,0.0448851774530271,0.1666666666666666,2.0,0.5852777777777778
39-6012.00,0.360125260960334,0.5714285714285714,3.0,0.5838888888888889
39-7011.00,0.0323590814196242,0.2142857142857142,3.0,0.571388888888889
39-7012.00,0.0146137787056367,0.1309523809523809,2.0,0.6294444444444445
39-9011.00,0.0073068893528183,0.0476190476190476,2.0,0.5552777777777778
39-9011.01,0.0375782881002087,0.119047619047619,2.0,0.545
39-9031.00,0.1106471816283924,0.2261904761904762,3.0,0.5611111111111111
39-9032.00,0.0657620041753653,0.1071428571428571,4.0,0.6258333333333334
39-9041.00,0.2045929018789144,0.3928571428571428,3.0,0.6111111111111112
39-9099.00,0.534446764091858,0.8214285714285714,,
41-1011.00,0.3705636743215031,0.4642857142857143,2.0,0.5472222222222223
41-1012.00,0.662839248434238,0.6785714285714286,4.0,0.6713888888888888
41-2011.00,0.4164926931106472,0.5476190476190477,2.0,0.4225
41-2012.00,0.1075156576200417,0.3214285714285714,2.0,0.4611111111111111
41-2021.00,0.2056367432150313,0.6071428571428571,2.0,0.5152777777777777
41-2022.00,0.0699373695198329,0.4880952380952381,2.0,0.5719444444444445
41-2031.00,0.0594989561586638,0.2023809523809523,2.0,0.5183333333333333
41-3011.00,0.3580375782881002,0.4166666666666667,4.0,0.5744444444444445
41-3021.00,0.150313152400835,0.0952380952380952,4.0,0.5838888888888889
41-3031.00,0.1544885177453027,0.0357142857142857,4.0,0.5777777777777778
41-3041.00,0.2807933194154488,0.369047619047619,3.0,0.5463888888888888
41-3091.00,0.767223382045929,0.75,,
41-4011.00,0.3235908141962422,0.6071428571428571,4.0,0.5886111111111112
41-4011.07,0.1242171189979123,0.2023809523809523,3.0,0.6377777777777778
41-4012.00,0.3194154488517745,0.4404761904761904,4.0,0.6027777777777777
41-9011.00,0.5803757828810021,0.8571428571428571,2.0,0.4672222222222222
41-9012.00,0.0626304801670146,0.0952380952380952,2.0,0.3580555555555555
41-9021.00,0.1169102296450939,0.1071428571428571,4.0,0.6747222222222221
41-9022.00,0.1294363256784968,0.1309523809523809,3.0,0.6161111111111112
41-9031.00,0.5229645093945721,0.75,4.0,0.5627777777777778
41-9041.00,0.3820459290187891,0.4761904761904761,2.0,0.4216666666666666
41-9091.00,0.0918580375782881,0.3214285714285714,1.0,0.4469444444444443
41-9099.00,0.9091858037578288,0.9285714285714286,,
43-1011.00,0.7296450939457203,0.5952380952380952,3.0,0.5583333333333333
43-2011.00,0.4248434237995824,0.5,2.0,0.4680555555555556
43-2021.00,0.477035490605428,0.5714285714285714,2.0,0.4069444444444444
43-2099.00,0.7588726513569938,0.8333333333333334,,
43-3011.00,0.6691022964509394,0.6666666666666666,2.0,0.4352777777777777
43-3021.00,0.6482254697286013,0.6190476190476191,3.0,0.4308333333333333
43-3031.00,0.6169102296450939,0.6428571428571429,3.0,0.4855555555555556
43-3041.00,0.3183716075156576,0.369047619047619,2.0,0.4858333333333333
43-3051.00,0.545929018789144,0.6428571428571429,3.0,0.4633333333333334
43-3061.00,0.4269311064718162,0.6904761904761905,2.0,0.4533333333333333
43-3071.00,0.18580375782881,0.2023809523809523,2.0,0.5463888888888888
43-3099.00,0.7098121085594989,0.6666666666666666,,
43-4011.00,0.1722338204592902,0.1428571428571428,3.0,0.5058333333333334
43-4021.00,0.7160751565762005,0.6190476190476191,2.0,0.4969444444444443
43-4031.00,0.208768267223382,0.2738095238095238,2.0,0.4919444444444443
43-4041.00,0.3966597077244259,0.2857142857142857,2.0,0.5427777777777778
43-4051.00,0.8382045929018789,0.8571428571428571,2.0,0.4152777777777778
43-4061.00,0.2348643006263048,0.1547619047619047,3.0,0.475
43-4071.00,0.5187891440501043,0.7261904761904762,2.0,0.43
43-4081.00,0.2954070981210856,0.3333333333333333,2.0,0.5497222222222222
43-4111.00,0.907098121085595,1.0,3.0,0.5730555555555557
43-4121.00,0.1649269311064718,0.2976190476190476,2.0,0.5013888888888889
43-4131.00,0.6043841336116911,0.5595238095238095,3.0,0.55
43-4141.00,0.6033402922755741,0.4404761904761904,3.0,0.523888888888889
43-4151.00,0.2682672233820459,0.6190476190476191,2.0,0.4805555555555556
43-4161.00,0.5386221294363257,0.6666666666666666,3.0,0.5119444444444443
43-4171.00,0.7651356993736952,0.75,2.0,0.4430555555555556
43-4181.00,0.2766179540709812,0.4880952380952381,2.0,0.5794444444444445
43-4199.00,0.8121085594989561,0.7142857142857143,,
43-5011.00,0.1931106471816284,0.4166666666666667,2.0,0.5313888888888889
43-5011.01,0.2473903966597077,0.6071428571428571,2.0,0.5405555555555555
43-5021.00,0.1764091858037578,0.5476190476190477,2.0,0.5580555555555555
43-5031.00,0.0427974947807933,0.0833333333333333,2.0,0.5069444444444445
43-5032.00,0.313152400835073,0.7023809523809523,2.0,0.6022222222222222
43-5041.00,0.0626304801670146,0.2142857142857142,2.0,0.5433333333333333
43-5051.00,0.0960334029227557,0.3571428571428571,2.0,0.4641666666666666
43-5052.00,0.0605427974947807,0.2857142857142857,2.0,0.4905555555555556
43-5053.00,0.0636743215031315,0.2738095238095238,2.0,0.4597222222222223
43-5061.00,0.7045929018789144,0.8690476190476191,2.0,0.5372222222222223
43-5071.00,0.2912317327766179,0.7380952380952381,2.0,0.5563888888888889
43-5111.00,0.4227557411273486,0.7619047619047619,2.0,0.5030555555555556
43-6011.00,0.8851774530271399,0.7142857142857143,3.0,0.4622222222222223
43-6012.00,0.3622129436325678,0.2976190476190476,3.0,0.4663888888888889
43-6013.00,0.534446764091858,0.4761904761904761,2.0,0.4747222222222222
43-6014.00,0.81419624217119,0.8214285714285714,2.0,0.4422222222222223
43-9021.00,0.5970772442588727,0.8095238095238095,2.0,0.4811111111111111
43-9022.00,0.755741127348643,0.7976190476190477,2.0,0.4238888888888889
43-9031.00,0.7536534446764092,0.7023809523809523,3.0,0.4675
43-9041.00,0.4112734864300626,0.3452380952380952,2.0,0.4347222222222223
43-9051.00,0.1565762004175365,0.2857142857142857,2.0,0.5675
43-9061.00,0.9561586638830898,0.9523809523809524,2.0,0.4438888888888889
43-9071.00,0.2275574112734864,0.3571428571428571,2.0,0.41
43-9081.00,0.8037578288100209,0.7380952380952381,4.0,0.4602777777777777
43-9111.00,0.7849686847599165,0.6666666666666666,4.0,0.523611111111111
43-9199.00,0.907098121085595,0.8214285714285714,,
45-1011.00,0.0615866388308977,0.25,3.0,0.6577777777777779
45-2011.00,0.0772442588726513,0.3095238095238095,2.0,0.5730555555555555
45-2021.00,0.0323590814196242,0.0714285714285714,2.0,0.4888888888888889
45-2041.00,0.1096033402922755,0.4166666666666667,1.0,0.4097222222222222
45-2091.00,0.034446764091858,0.2857142857142857,1.0,0.4563888888888889
45-2092.00,0.0208768267223382,0.25,1.0,0.4525
45-2093.00,0.0281837160751565,0.1785714285714285,2.0,0.5363888888888889
45-2099.00,0.1461377870563674,0.369047619047619,,
45-3031.00,0.0093945720250521,0.119047619047619,1.0,0.5097222222222222
45-4011.00,0.0281837160751565,0.2619047619047619,2.0,0.6013888888888889
45-4021.00,0.0031315240083507,0.0833333333333333,1.0,0.4919444444444445
45-4022.00,0.0177453027139874,0.1666666666666666,1.0,0.5419444444444445
45-4023.00,0.2244258872651357,0.5357142857142857,2.0,0.5666666666666667
45-4029.00,0.6085594989561587,0.8214285714285714,,
47-1011.00,0.05741127348643,0.3333333333333333,3.0,0.7258333333333333
47-1011.03,0.0156576200417536,0.0952380952380952,3.0,0.6655555555555556
47-2011.00,0.0093945720250521,0.0357142857142857,3.0,0.6480555555555556
47-2021.00,0.011482254697286,0.1428571428571428,2.0,0.6025
47-2022.00,0.0031315240083507,0.0952380952380952,3.0,0.5955555555555556
47-2031.00,0.0167014613778705,0.1547619047619047,2.0,0.6255555555555555
47-2041.00,0.0020876826722338,0.0595238095238095,2.0,0.5236111111111111
47-2042.00,0.0041753653444676,0.0952380952380952,2.0,0.5077777777777777
47-2043.00,0.011482254697286,0.1428571428571428,1.0,0.4961111111111111
47-2044.00,0.0052192066805845,0.0833333333333333,2.0,0.4855555555555556
47-2051.00,0.0073068893528183,0.119047619047619,1.0,0.5894444444444445
47-2053.00,0.0041753653444676,0.0714285714285714,2.0,0.4866666666666666
47-2061.00,0.0135699373695198,0.2142857142857142,2.0,0.5483333333333333
47-2071.00,0.011482254697286,0.1309523809523809,2.0,0.5913888888888889
47-2072.00,0.0031315240083507,0.0833333333333333,2.0,0.6533333333333333
47-2073.00,0.0125260960334029,0.119047619047619,2.0,0.6680555555555556
47-2081.00,0.0167014613778705,0.1428571428571428,2.0,0.538888888888889
47-2082.00,0.0093945720250521,0.0714285714285714,2.0,0.4941666666666666
47-2111.00,0.0271398747390396,0.2857142857142857,3.0,0.6488888888888888
47-2121.00,0.0083507306889352,0.119047619047619,2.0,0.6033333333333334
47-2131.00,0.0323590814196242,0.3095238095238095,2.0,0.5219444444444443
47-2132.00,0.0104384133611691,0.1785714285714285,2.0,0.538888888888889
47-2141.00,0.0198329853862212,0.2261904761904762,2.0,0.5441666666666667
47-2142.00,0.0125260960334029,0.119047619047619,2.0,0.485
47-2151.00,0.0062630480167014,0.1071428571428571,2.0,0.6602777777777779
47-2152.00,0.0146137787056367,0.1547619047619047,3.0,0.6186111111111111
47-2152.04,0.0083507306889352,0.0476190476190476,3.0,0.6383333333333333
47-2161.00,0.0167014613778705,0.1428571428571428,1.0,0.5044444444444444
47-2171.00,0.0093945720250521,0.1309523809523809,2.0,0.5991666666666666
47-2181.00,0.0260960334029227,0.1785714285714285,2.0,0.62
47-2211.00,0.0375782881002087,0.3333333333333333,2.0,0.5472222222222223
47-2221.00,0.0135699373695198,0.1666666666666666,2.0,0.6205555555555555
47-2231.00,0.0302713987473903,0.1904761904761904,2.0,0.5375
47-3011.00,0.0605427974947807,0.2976190476190476,2.0,0.5875
47-3012.00,0.127348643006263,0.4285714285714285,2.0,0.6088888888888888
47-3013.00,0.0949895615866388,0.4642857142857143,2.0,0.5383333333333333
47-3014.00,0.0521920668058455,0.3333333333333333,1.0,0.5055555555555556
47-3015.00,0.0720250521920668,0.2857142857142857,2.0,0.4913888888888889
47-3016.00,0.0876826722338204,0.3571428571428571,2.0,0.5702777777777778
47-3019.00,0.290187891440501,0.6547619047619048,,
47-4011.00,0.0636743215031315,0.4166666666666667,3.0,0.6305555555555555
47-4011.01,0.0386221294363256,0.1547619047619047,3.0,0.5725
47-4021.00,0.011482254697286,0.119047619047619,3.0,0.6602777777777779
47-4031.00,0.0073068893528183,0.1071428571428571,2.0,0.6711111111111111
47-4041.00,0.0135699373695198,0.119047619047619,3.0,0.6061111111111112
47-4051.00,0.0501043841336116,0.2261904761904762,2.0,0.6263888888888889
47-4061.00,0.0292275574112734,0.1904761904761904,2.0,0.6666666666666667
47-4071.00,0.011482254697286,0.119047619047619,1.0,0.5713888888888888
47-4091.00,0.0146137787056367,0.1428571428571428,2.0,0.6119444444444445
47-4099.00,0.3392484342379958,0.6904761904761905,,
47-4099.03,0.0354906054279749,0.1904761904761904,2.0,0.5836111111111112
47-5011.00,0.0041753653444676,0.0833333333333333,1.0,0.5983333333333334
47-5012.00,0.0052192066805845,0.0595238095238095,2.0,0.7066666666666667
47-5013.00,0.0031315240083507,0.0595238095238095,2.0,0.6877777777777778
47-5022.00,0.0167014613778705,0.2023809523809523,2.0,0.5694444444444445
47-5023.00,0.0052192066805845,0.1071428571428571,2.0,0.57
47-5032.00,0.0020876826722338,0.0238095238095238,2.0,0.6561111111111111
47-5041.00,0.0104384133611691,0.1309523809523809,2.0,0.5636111111111112
47-5043.00,0.0104384133611691,0.119047619047619,2.0,0.545
47-5044.00,0.011482254697286,0.1071428571428571,2.0,0.5263888888888889
47-5049.00,0.0563674321503131,0.2619047619047619,,
47-5051.00,0.0031315240083507,0.1309523809523809,1.0,0.4258333333333333
47-5071.00,0.0093945720250521,0.0952380952380952,1.0,0.5975
47-5081.00,0.0657620041753653,0.3214285714285714,2.0,0.6444444444444444
47-5099.00,0.8580375782881002,0.8928571428571429,,
49-1011.00,0.2922755741127348,0.8095238095238095,3.0,0.63
49-2011.00,0.3340292275574112,0.5714285714285714,3.0,0.5491666666666667
49-2021.00,0.0396659707724425,0.1428571428571428,3.0,0.58
49-2022.00,0.0594989561586638,0.3095238095238095,3.0,0.5797222222222222
49-2091.00,0.0062630480167014,0.0238095238095238,3.0,0.5588888888888889
49-2092.00,0.0302713987473903,0.4166666666666667,3.0,0.5683333333333334
49-2093.00,0.0396659707724425,0.2976190476190476,3.0,0.6061111111111112
49-2094.00,0.0480167014613778,0.5119047619047619,3.0,0.5819444444444445
49-2095.00,0.0156576200417536,0.1071428571428571,3.0,0.685
49-2096.00,0.0636743215031315,0.2857142857142857,3.0,0.5427777777777778
49-2097.00,0.0657620041753653,0.0833333333333333,3.0,0.5852777777777777
49-2098.00,0.0240083507306889,0.0952380952380952,3.0,0.6433333333333333
49-3011.00,0.0010438413361169,0.0119047619047619,3.0,0.5797222222222222
49-3021.00,0.0093945720250521,0.0833333333333333,2.0,0.5008333333333334
49-3022.00,0.0041753653444676,0.0595238095238095,2.0,0.4875
49-3023.00,0.0104384133611691,0.1071428571428571,3.0,0.5647222222222222
49-3031.00,0.0135699373695198,0.0833333333333333,3.0,0.6433333333333333
49-3041.00,0.0083507306889352,0.1309523809523809,3.0,0.5733333333333334
49-3042.00,0.0146137787056367,0.238095238095238,3.0,0.6086111111111111
49-3043.00,0.0052192066805845,0.0476190476190476,2.0,0.5477777777777778
49-3051.00,0.0052192066805845,0.0476190476190476,3.0,0.6166666666666667
49-3052.00,0.0010438413361169,0.0119047619047619,3.0,0.6041666666666666
49-3053.00,0.0031315240083507,0.0238095238095238,2.0,0.4675
49-3091.00,0.0031315240083507,0.0357142857142857,2.0,0.5177777777777778
49-3092.00,0.0146137787056367,0.0952380952380952,2.0,0.5122222222222222
49-3093.00,0.0052192066805845,0.0833333333333333,2.0,0.5666666666666667
49-9011.00,0.0177453027139874,0.1428571428571428,2.0,0.5647222222222222
49-9012.00,0.0177453027139874,0.2738095238095238,3.0,0.6513888888888889
49-9021.00,0.0031315240083507,0.0119047619047619,3.0,0.6427777777777779
49-9031.00,0.0031315240083507,0.0476190476190476,2.0,0.5419444444444445
49-9041.00,0.0532359081419624,0.4404761904761904,3.0,0.5263888888888889
49-9043.00,0.0334029227557411,0.4404761904761904,3.0,0.5905555555555555
49-9044.00,0.0240083507306889,0.4880952380952381,2.0,0.6572222222222222
49-9045.00,0.0062630480167014,0.0714285714285714,2.0,0.5041666666666667
49-9051.00,0.011482254697286,0.1666666666666666,2.0,0.6747222222222221
49-9052.00,0.0073068893528183,0.0595238095238095,2.0,0.5963888888888889
49-9061.00,0.0511482254697286,0.1547619047619047,3.0,0.4252777777777778
49-9062.00,0.0323590814196242,0.2142857142857142,3.0,0.5752777777777778
49-9063.00,0.0156576200417536,0.0476190476190476,3.0,0.5080555555555555
49-9064.00,0.0156576200417536,0.0952380952380952,3.0,0.4308333333333333
49-9069.00,0.2025052192066805,0.6904761904761905,,
49-9071.00,0.0866388308977035,0.6547619047619048,3.0,0.6752777777777779
49-9081.00,0.022964509394572,0.119047619047619,3.0,0.7275
49-9091.00,0.045929018789144,0.1904761904761904,2.0,0.4605555555555555
49-9092.00,0.011482254697286,0.1071428571428571,3.0,0.67
49-9094.00,0.0167014613778705,0.0595238095238095,2.0,0.5761111111111111
49-9095.00,0.0104384133611691,0.119047619047619,2.0,0.5697222222222222
49-9096.00,0.0177453027139874,0.2023809523809523,2.0,0.6613888888888888
49-9097.00,0.0167014613778705,0.1428571428571428,3.0,0.6472222222222221
49-9098.00,0.0563674321503131,0.5595238095238095,2.0,0.5838888888888889
49-9099.00,0.348643006263048,0.8928571428571429,,
49-9099.01,0.022964509394572,0.1309523809523809,2.0,0.6530555555555556
51-1011.00,0.5271398747390397,0.8571428571428571,3.0,0.6763888888888888
51-2011.00,0.0052192066805845,0.0476190476190476,2.0,0.5058333333333334
51-2021.00,0.0313152400835073,0.2023809523809523,2.0,0.4886111111111111
51-2022.00,0.0605427974947807,0.5119047619047619,2.0,0.4880555555555556
51-2023.00,0.0334029227557411,0.5952380952380952,2.0,0.4775
51-2031.00,0.0219206680584551,0.3214285714285714,2.0,0.5263888888888889
51-2041.00,0.0135699373695198,0.238095238095238,3.0,0.6116666666666667
51-2051.00,0.0052192066805845,0.0952380952380952,2.0,0.4883333333333333
51-2061.00,0.0250521920668058,0.2619047619047619,2.0,0.4083333333333334
51-2092.00,0.4039665970772442,0.7857142857142857,2.0,0.5036111111111111
51-2099.00,0.4164926931106472,0.8571428571428571,,
51-3011.00,0.0062630480167014,0.0952380952380952,2.0,0.5047222222222223
51-3021.00,0.0250521920668058,0.2023809523809523,2.0,0.5377777777777778
51-3022.00,0.0062630480167014,0.0833333333333333,1.0,0.4830555555555555
51-3023.00,0.0208768267223382,0.1547619047619047,2.0,0.5013888888888889
51-3091.00,0.0062630480167014,0.0952380952380952,2.0,0.4833333333333333
51-3092.00,0.0135699373695198,0.238095238095238,2.0,0.5216666666666666
51-3093.00,0.0093945720250521,0.1428571428571428,2.0,0.5872222222222222
51-3099.00,0.1878914405010438,0.4880952380952381,,
51-4021.00,0.0135699373695198,0.238095238095238,2.0,0.4858333333333333
51-4022.00,0.0125260960334029,0.1547619047619047,2.0,0.5825
51-4023.00,0.0146137787056367,0.1547619047619047,2.0,0.5363888888888888
51-4031.00,0.022964509394572,0.3095238095238095,2.0,0.5
51-4032.00,0.0177453027139874,0.2261904761904762,2.0,0.5269444444444445
51-4033.00,0.0219206680584551,0.25,2.0,0.5052777777777777
51-4034.00,0.0156576200417536,0.2142857142857142,2.0,0.4969444444444443
51-4035.00,0.0135699373695198,0.25,2.0,0.4458333333333333
51-4041.00,0.0605427974947807,0.5595238095238095,3.0,0.5525
51-4051.00,0.0083507306889352,0.0595238095238095,2.0,0.5261111111111112
51-4052.00,0.0062630480167014,0.0714285714285714,2.0,0.4983333333333333
51-4061.00,0.0323590814196242,0.369047619047619,3.0,0.5580555555555555
51-4062.00,0.0281837160751565,0.238095238095238,3.0,0.5602777777777778
51-4071.00,0.0052192066805845,0.0833333333333333,2.0,0.5372222222222223
51-4072.00,0.0167014613778705,0.2142857142857142,2.0,0.5166666666666666
51-4081.00,0.1137787056367432,0.7142857142857143,2.0,0.493611111111111
51-4111.00,0.0302713987473903,0.3214285714285714,3.0,0.5472222222222222
51-4121.00,0.0135699373695198,0.2142857142857142,2.0,0.4602777777777777
51-4122.00,0.0407098121085595,0.5238095238095238,2.0,0.4338888888888889
51-4191.00,0.0083507306889352,0.1785714285714285,2.0,0.4875
51-4192.00,0.0208768267223382,0.3095238095238095,2.0,0.4930555555555556
51-4193.00,0.0041753653444676,0.0595238095238095,2.0,0.505
51-4194.00,0.0135699373695198,0.2142857142857142,2.0,0.5011111111111111
51-4199.00,0.3141962421711899,0.6904761904761905,,
51-5111.00,0.3872651356993737,0.5714285714285714,3.0,0.4877777777777777
51-5112.00,0.022964509394572,0.1071428571428571,2.0,0.5186111111111111
51-5113.00,0.0427974947807933,0.1547619047619047,2.0,0.4847222222222223
51-6011.00,0.0125260960334029,0.119047619047619,1.0,0.45
51-6021.00,0.1304801670146138,0.3333333333333333,1.0,0.3891666666666666
51-6031.00,0.0135699373695198,0.0714285714285714,1.0,0.3483333333333334
51-6041.00,0.0052192066805845,0.0476190476190476,2.0,0.4441666666666666
51-6042.00,0.0208768267223382,0.1428571428571428,2.0,0.3630555555555556
51-6051.00,0.0260960334029227,0.1428571428571428,2.0,0.3827777777777778
51-6052.00,0.0146137787056367,0.0476190476190476,2.0,0.4911111111111111
51-6061.00,0.0052192066805845,0.0952380952380952,2.0,0.5072222222222222
51-6062.00,0.0125260960334029,0.1071428571428571,2.0,0.4047222222222222
51-6063.00,0.0354906054279749,0.2619047619047619,2.0,0.46
51-6064.00,0.0104384133611691,0.0714285714285714,2.0,0.4225
51-6091.00,0.0125260960334029,0.2023809523809523,2.0,0.5716666666666667
51-6092.00,0.1294363256784968,0.2976190476190476,3.0,0.5241666666666667
51-6093.00,0.0062630480167014,0.0595238095238095,2.0,0.4136111111111111
51-6099.00,0.2453027139874739,0.3452380952380952,,
51-7011.00,0.0250521920668058,0.1547619047619047,2.0,0.4672222222222222
51-7021.00,0.0135699373695198,0.1071428571428571,2.0,0.4433333333333333
51-7031.00,0.0198329853862212,0.1428571428571428,3.0,0.5319444444444446
51-7032.00,0.0083507306889352,0.0714285714285714,3.0,0.5827777777777778
51-7041.00,0.0198329853862212,0.2261904761904762,2.0,0.5141666666666667
51-7042.00,0.0198329853862212,0.1666666666666666,2.0,0.493611111111111
51-7099.00,0.2578288100208768,0.3214285714285714,,
51-8011.00,0.0,0.0,3.0,0.6547222222222221
51-8012.00,0.0104384133611691,0.1071428571428571,3.0,0.6636111111111112
51-8013.00,0.0469728601252609,0.4047619047619047,2.0,0.62
51-8013.03,0.0615866388308977,0.2738095238095238,2.0,0.6516666666666667
51-8013.04,0.0427974947807933,0.238095238095238,3.0,0.6475
51-8021.00,0.0250521920668058,0.238095238095238,3.0,0.6891666666666667
51-8031.00,0.0125260960334029,0.1904761904761904,3.0,0.6555555555555556
51-8091.00,0.0480167014613778,0.4642857142857143,2.0,0.6588888888888889
51-8092.00,0.0208768267223382,0.1428571428571428,2.0,0.6402777777777778
51-8093.00,0.0104384133611691,0.1071428571428571,2.0,0.6355555555555555
51-8099.00,0.6012526096033403,0.9404761904761904,,
51-8099.01,0.0521920668058455,0.4166666666666667,2.0,0.6375
51-9011.00,0.0156576200417536,0.2142857142857142,2.0,0.6136111111111111
51-9012.00,0.0375782881002087,0.4404761904761904,2.0,0.5408333333333334
51-9021.00,0.011482254697286,0.2023809523809523,2.0,0.5344444444444445
51-9022.00,0.0146137787056367,0.1904761904761904,2.0,0.4558333333333333
51-9023.00,0.0313152400835073,0.3452380952380952,2.0,0.5619444444444445
51-9031.00,0.0135699373695198,0.1309523809523809,1.0,0.3166666666666666
51-9032.00,0.0260960334029227,0.3214285714285714,2.0,0.5277777777777777
51-9041.00,0.0334029227557411,0.3928571428571428,2.0,0.5066666666666666
51-9051.00,0.0208768267223382,0.2142857142857142,2.0,0.5547222222222222
51-9061.00,0.162839248434238,0.6071428571428571,2.0,0.5530555555555556
51-9071.00,0.0052192066805845,0.0476190476190476,3.0,0.5125
51-9071.06,0.0073068893528183,0.0714285714285714,3.0,0.4319444444444443
51-9081.00,0.0020876826722338,0.0238095238095238,2.0,0.4763888888888889
51-9082.00,0.0083507306889352,0.1071428571428571,3.0,0.5847222222222223
51-9083.00,0.0334029227557411,0.1666666666666666,2.0,0.4808333333333333
51-9111.00,0.1148225469728601,0.6309523809523809,2.0,0.5408333333333334
51-9123.00,0.0271398747390396,0.1071428571428571,1.0,0.3905555555555555
51-9124.00,0.0250521920668058,0.238095238095238,2.0,0.5
51-9141.00,0.034446764091858,0.2142857142857142,2.0,0.4913888888888889
51-9151.00,0.127348643006263,0.1428571428571428,2.0,0.523611111111111
51-9161.00,0.0699373695198329,0.7380952380952381,2.0,0.4713888888888888
51-9162.00,0.0939457202505219,0.5357142857142857,3.0,0.5425
51-9191.00,0.0302713987473903,0.3452380952380952,2.0,0.56
51-9192.00,0.0104384133611691,0.1666666666666666,2.0,0.4738888888888889
51-9193.00,0.0250521920668058,0.25,2.0,0.585
51-9194.00,0.045929018789144,0.2976190476190476,2.0,0.4702777777777777
51-9195.00,0.0135699373695198,0.1785714285714285,2.0,0.4633333333333334
51-9195.03,0.0093945720250521,0.1309523809523809,2.0,0.5205555555555557
51-9195.04,0.0073068893528183,0.0833333333333333,2.0,0.4913888888888889
51-9195.05,0.0125260960334029,0.1428571428571428,3.0,0.5208333333333334
51-9196.00,0.011482254697286,0.0952380952380952,2.0,0.5355555555555555
51-9197.00,0.011482254697286,0.0833333333333333,2.0,0.448611111111111
51-9198.00,0.3643006263048016,0.8571428571428571,2.0,0.4916666666666666
51-9199.00,0.8663883089770354,0.9642857142857144,,
53-1041.00,0.0365344467640918,0.2023809523809523,2.0,0.6986111111111112
53-1042.00,0.4916492693110647,0.8690476190476191,2.0,0.6805555555555556
53-1042.01,0.0219206680584551,0.1428571428571428,2.0,0.6447222222222222
53-1043.00,0.1096033402922755,0.7261904761904762,3.0,0.7047222222222221
53-1044.00,0.1189979123173277,0.2976190476190476,,
53-1049.00,0.2369519832985386,0.6785714285714286,,
53-2011.00,0.0010438413361169,0.0,4.0,0.7569444444444444
53-2012.00,0.0031315240083507,0.0476190476190476,3.0,0.7033333333333333
53-2021.00,0.0104384133611691,0.0357142857142857,3.0,0.6019444444444445
53-2022.00,0.0073068893528183,0.0238095238095238,3.0,0.7311111111111112
53-2031.00,0.0991649269311064,0.1785714285714285,2.0,0.7241666666666667
53-3011.00,0.0073068893528183,0.0952380952380952,2.0,0.6547222222222221
53-3031.00,0.092901878914405,0.4642857142857143,2.0,0.5627777777777777
53-3032.00,0.0062630480167014,0.0238095238095238,2.0,0.5675
53-3033.00,0.0480167014613778,0.3928571428571428,2.0,0.5225
53-3051.00,0.0073068893528183,0.0714285714285714,,
53-3052.00,0.0125260960334029,0.1071428571428571,2.0,0.5208333333333334
53-3053.00,0.0365344467640918,0.1309523809523809,,
53-3054.00,0.0031315240083507,0.0476190476190476,,
53-3099.00,0.2891440501043841,0.6904761904761905,,
53-4011.00,0.0031315240083507,0.0714285714285714,2.0,0.6277777777777778
53-4013.00,0.0125260960334029,0.1309523809523809,2.0,0.6211111111111112
53-4022.00,0.0083507306889352,0.0952380952380952,2.0,0.5969444444444445
53-4031.00,0.1169102296450939,0.3928571428571428,2.0,0.6141666666666666
53-4041.00,0.0104384133611691,0.119047619047619,2.0,0.5375
53-4099.00,0.2849686847599165,0.5595238095238095,,
53-5011.00,0.0208768267223382,0.1666666666666666,2.0,0.6138888888888888
53-5021.00,0.0020876826722338,0.0119047619047619,3.0,0.7111111111111111
53-5022.00,0.0083507306889352,0.0952380952380952,2.0,0.6716666666666667
53-5031.00,0.0365344467640918,0.3452380952380952,3.0,0.6611111111111111
53-6011.00,0.011482254697286,0.0833333333333333,2.0,0.5219444444444445
53-6021.00,0.0438413361169102,0.2857142857142857,2.0,0.5363888888888889
53-6031.00,0.05741127348643,0.2142857142857142,2.0,0.6063888888888889
53-6032.00,0.022964509394572,0.1904761904761904,,
53-6041.00,0.0751565762004175,0.238095238095238,3.0,0.5586111111111111
53-6051.00,0.138830897703549,0.5952380952380952,4.0,0.655
53-6051.01,0.0271398747390396,0.1547619047619047,3.0,0.7069444444444444
53-6051.07,0.1002087682672233,0.5119047619047619,2.0,0.6
53-6061.00,0.05741127348643,0.1428571428571428,2.0,0.4677777777777777
53-6099.00,0.3726513569937369,0.7738095238095238,,
53-7011.00,0.0720250521920668,0.5357142857142857,1.0,0.5163888888888889
53-7021.00,0.0208768267223382,0.3928571428571428,3.0,0.6380555555555555
53-7031.00,0.0073068893528183,0.1071428571428571,2.0,0.5508333333333334
53-7041.00,0.0208768267223382,0.3809523809523809,2.0,0.6255555555555555
53-7051.00,0.0354906054279749,0.4047619047619047,2.0,0.5855555555555555
53-7061.00,0.0334029227557411,0.4642857142857143,2.0,0.5108333333333334
53-7062.00,0.1252609603340292,0.7023809523809523,2.0,0.5344444444444445
53-7062.04,0.0281837160751565,0.3452380952380952,2.0,0.5397222222222223
53-7063.00,0.1784968684759916,0.7380952380952381,2.0,0.4630555555555556
53-7064.00,0.0427974947807933,0.3333333333333333,2.0,0.4958333333333333
53-7065.00,0.2505219206680584,0.8333333333333334,2.0,0.4825
53-7071.00,0.0041753653444676,0.0476190476190476,2.0,0.6755555555555556
53-7072.00,0.0260960334029227,0.3452380952380952,2.0,0.5994444444444444
53-7073.00,0.0010438413361169,0.0357142857142857,2.0,0.5661111111111111
53-7081.00,0.0208768267223382,0.3333333333333333,2.0,0.4852777777777777
53-7121.00,0.0198329853862212,0.1904761904761904,2.0,0.6475
53-7199.00,0.5093945720250522,0.9285714285714286,,
55-1011.00,0.0041753653444676,0.0714285714285714,,
55-1012.00,0.0031315240083507,0.0238095238095238,,
55-1013.00,0.0020876826722338,0.0238095238095238,,
55-1014.00,0.0083507306889352,0.0357142857142857,,
55-1015.00,0.0375782881002087,0.1071428571428571,,
55-1016.00,0.0020876826722338,0.0119047619047619,,
55-1017.00,0.0031315240083507,0.0238095238095238,,
55-1019.00,0.0699373695198329,0.1071428571428571,,
55-2011.00,0.0448851774530271,0.1904761904761904,,
55-2012.00,0.0146137787056367,0.0952380952380952,,
55-2013.00,0.4039665970772442,0.6071428571428571,,
55-3011.00,0.0062630480167014,0.0833333333333333,,
55-3012.00,0.0031315240083507,0.0952380952380952,,
55-3013.00,0.0,0.0238095238095238,,
55-3014.00,0.0062630480167014,0.0357142857142857,,
55-3015.00,0.0354906054279749,0.1071428571428571,,
55-3016.00,0.0062630480167014,0.0119047619047619,,
55-3018.00,0.0020876826722338,0.0357142857142857,,
55-3019.00,0.1565762004175365,0.4285714285714285,,
