soc2018,mfg_share,emp_total,n_sources,mfg_share_2002
11-1011,0.1236983842010772,389900.0,1,0.11707748424892231
11-1021,0.11129374085016198,1892110.0,1,0.10870827576540318
11-1031,0.0,65280.0,1,0.0
11-2011,0.07101346562721474,70550.0,1,0.07173420588975585
11-2021,0.19150803664490645,182290.0,1,0.1933534743202417
11-2022,0.17631143366437485,314160.0,1,0.1808666911494675
11-2032,0.031841652323580036,58100.0,1,0.022858082552211802
11-2033,0.031841652323580036,58100.0,1,0.022858082552211802
11-3012,0.06677208366276145,278260.0,1,0.06944307702405567
11-3013,0.06677208366276145,278260.0,1,0.06944307702405567
11-3021,0.1239750244489581,265860.0,1,0.12703348375109022
11-3031,0.1065151137605183,521710.0,1,0.10279641859057655
11-3051,0.8452094366875301,166160.0,1,0.8489546210501306
11-3061,0.2934589800443459,90200.0,1,0.2676997578692494
11-3071,0.16676986584107328,96900.0,1,0.16127488514548238
11-9013,0.02536997885835095,4730.0,1,0.008333333333333333
11-9021,0.00931422722620266,195400.0,1,0.008001939864209506
11-9031,0.0,55840.0,1,0.0
11-9032,0.0,205510.0,1,0.0
11-9033,0.0,97870.0,1,0.0
11-9041,0.41031044407894735,194560.0,1,0.3902293714626154
11-9051,0.000784313725490196,229500.0,1,0.000884066706851517
11-9071,0.0,3510.0,1,0.0
11-9081,0.0,29930.0,1,0.0
11-9111,0.0009345378487828757,224710.0,1,0.0038307428118532875
11-9121,0.17761085534286405,41270.0,1,0.16699362432564982
11-9131,0.0,26060.0,1,0.0
11-9141,0.0009018294254058232,155240.0,1,0.0005191434133679429
11-9151,0.0,115770.0,1,0.0
11-9161,0.025219298245614034,9120.0,1,0.014492753623188404
11-9171,0.0,22910.0,1,0.0
13-1011,0.014345991561181435,11850.0,1,0.0
13-1021,0.1509705248023005,13910.0,1,0.13469675599435826
13-1022,0.03289473684210526,135280.0,1,0.027970446320868515
13-1023,0.4032871387527463,236680.0,1,0.39772826945004824
13-1031,0.0,233380.0,1,0.0
13-1032,0.0,11090.0,1,0.0
13-1041,0.04653601625483385,152570.0,1,0.0376563158634256
13-1051,0.1915564985582939,183810.0,1,0.196278610242055
13-1071,0.04665401334721117,163330.0,1,0.04627988017362597
13-1074,0.0,2950.0,1,0.0
13-1111,0.062015318905247085,419090.0,1,0.05427653069224136
13-1121,0.027456889335342374,179190.0,2,0.02170954995469843
13-1141,0.11754601226993865,81500.0,1,0.11588038154163444
13-1151,0.08624580053151482,199430.0,1,0.08257303946694003
13-1161,0.08201804815163234,287010.0,2,0.07279362125298719
13-2011,0.08928687301278308,924660.0,1,0.0886881497583997
13-2022,0.0,60920.0,1,0.0
13-2023,0.0,60920.0,1,0.0
13-2031,0.07989031078610603,54700.0,1,0.07317073170731707
13-2041,0.04205263931774739,68010.0,1,0.0348274246446978
13-2051,0.07775269626285428,159480.0,1,0.07444823370439482
13-2052,0.00039672044432689763,75620.0,1,0.0
13-2053,0.0,91230.0,1,0.0
13-2054,0.07775269626285428,159480.0,1,0.07444823370439482
13-2061,0.0,22050.0,1,0.0
13-2071,0.0,30320.0,1,0.0
13-2072,0.0,235930.0,1,0.0
13-2081,0.0,71060.0,1,0.0
13-2082,0.0,50050.0,1,0.0
15-1211,0.08124507653984543,469690.0,1,0.06188831318364997
15-1212,0.0723775256019928,144520.0,1,0.043209876543209874
15-1221,0.09851138353765324,22840.0,1,0.08697591436217662
15-1231,0.0723775256019928,144520.0,1,0.043209876543209874
15-1232,0.07181160625207848,481120.0,1,0.07382227428667057
15-1241,0.07915859396623305,614210.0,2,0.057493386915311126
15-1242,0.08786103817410625,99020.0,1,0.0743633965709648
15-1243,0.08786103817410625,99020.0,1,0.0743633965709648
15-1244,0.07796734544120344,381570.0,2,0.06641353633730669
15-1251,0.0772982765828959,430540.0,1,0.0660004024414783
15-1252,0.1504655105743776,672380.0,2,0.1335870185444704
15-1253,0.1504655105743776,672380.0,2,0.1335870185444704
15-1254,0.0723775256019928,144520.0,1,0.043209876543209874
15-1255,0.0723775256019928,144520.0,1,0.043209876543209874
15-1299,0.06391377905883827,159590.0,1,0.0685907714234812
15-2011,0.0,14340.0,1,0.0
15-2021,0.04424778761061947,2260.0,1,0.054187192118226604
15-2031,0.05300018928639031,52830.0,1,0.051967493584260054
15-2041,0.04864532019704434,16240.0,1,0.042798913043478264
15-2099,0.16216216216216217,1480.0,1,0.0660377358490566
17-1011,0.0013315579227696406,90120.0,1,0.0
17-1012,0.0,18360.0,1,0.0
17-1021,0.005861664712778429,8530.0,1,0.0
17-1022,0.0,50890.0,1,0.0
17-2011,0.7022644265887509,68450.0,1,0.7383205648189876
17-2021,0.19834710743801653,1210.0,1,0.10179640718562874
17-2031,0.413946587537092,6740.0,1,0.43137254901960786
17-2041,0.5511345974510413,32170.0,1,0.5505362365940851
17-2051,0.018021528420437388,205310.0,1,0.01476865708257691
17-2061,0.4904582810976459,71790.0,1,0.43808630393996245
17-2071,0.4035691702381789,142330.0,1,0.3952293836194765
17-2072,0.3353556802669498,131860.0,1,0.38040646169880143
17-2081,0.10507569011576136,44920.0,1,0.09565823078709078
17-2111,0.2947877114256127,28970.0,1,0.2617554858934169
17-2112,0.7326371091747822,156080.0,1,0.7122844068989792
17-2121,0.12184873949579832,4760.0,1,0.13953488372093023
17-2131,0.7128408091468778,22740.0,1,0.7268887846081653
17-2141,0.5588564204794088,205670.0,1,0.5603923973022685
17-2151,0.042505592841163314,4470.0,1,0.03411513859275053
17-2161,0.0,14600.0,1,0.008275862068965517
17-2171,0.05701754385964912,11400.0,1,0.08313253012048193
17-3011,0.05525315805689637,97370.0,1,0.04735152487961477
17-3012,0.379519902765117,32910.0,1,0.3719277465205804
17-3013,0.5789545330792268,73460.0,1,0.5784098051539912
17-3021,0.7359389895138226,10490.0,1,0.6868592730661697
17-3022,0.007269422989550204,88040.0,1,0.0050893596875369864
17-3023,0.39451560119618573,177230.0,1,0.413371751774185
17-3024,0.5777149777957207,24770.0,1,0.5037756202804746
17-3025,0.1315020455873758,17110.0,1,0.10109763142692085
17-3026,0.7882720105124835,60880.0,1,0.8271417740712661
17-3027,0.6010605751580664,49030.0,1,0.552833078101072
17-3031,0.003007784854918613,56520.0,1,0.0
19-1021,0.3076374018558173,14010.0,1,0.2805860805860806
19-1022,0.24157706093189965,13950.0,1,0.22126436781609196
19-1023,0.0,12780.0,1,0.0
19-1031,0.0,13580.0,1,0.0
19-1032,0.14942528735632185,9570.0,1,0.1503267973856209
19-1041,0.0,2250.0,1,0.0
19-1042,0.1663887962654218,59980.0,1,0.16603559257856873
19-2011,0.0,760.0,1,0.0
19-2012,0.07859531772575251,11960.0,1,0.020366598778004074
19-2021,0.009554140127388535,6280.0,1,0.011747430249632892
19-2031,0.4302919708029197,82200.0,1,0.45333165386068774
19-2032,0.5180180180180181,6660.0,1,0.45534150612959723
19-2041,0.03,61000.0,1,0.0264911980857973
19-2042,0.0,25460.0,1,0.0
19-2043,0.0,6950.0,1,0.0
19-3011,0.0025041736227045075,11980.0,1,0.0
19-3022,0.00258732212160414,15460.0,1,0.0
19-3032,0.041666666666666664,960.0,1,0.0
19-3033,0.0,100090.0,1,0.0
19-3034,0.0,100090.0,1,0.0
19-3041,0.0,2810.0,1,0.0
19-3051,0.0,30490.0,1,0.0
19-3091,0.0,4500.0,1,0.0
19-3092,0.0,650.0,1,0.0
19-3093,0.0,2110.0,1,0.0
19-3094,0.0,4820.0,1,0.0
19-4012,0.2905276541640178,15730.0,1,0.3074433656957929
19-4013,0.2905276541640178,15730.0,1,0.3074433656957929
19-4021,0.1769121525664435,49290.0,1,0.18069027746447103
19-4031,0.5669127086007703,62320.0,1,0.5996171638219812
19-4042,0.11155668975574189,27430.0,1,0.09959677419354838
19-4043,0.04133064516129032,9920.0,1,0.03625377643504532
19-4044,0.04133064516129032,9920.0,1,0.03625377643504532
19-4051,0.016736401673640166,4780.0,1,0.02522935779816514
19-4071,0.006802721088435374,29400.0,1,0.011677934849416103
19-4092,0.0,8560.0,1,0.0
21-1011,0.0,64350.0,1,0.0
21-1012,0.0,213020.0,1,0.0
21-1013,0.0,22160.0,1,0.0
21-1014,0.0,83430.0,1,0.0
21-1015,0.0,115040.0,1,0.0
21-1021,0.0,255990.0,1,0.0
21-1022,0.0,103200.0,1,0.0
21-1023,0.0,96700.0,1,0.0
21-1091,0.0,42390.0,1,0.0
21-1092,0.0,86760.0,1,0.0
21-1093,0.0,299380.0,1,0.0
21-1094,0.0,42390.0,1,0.0
21-2011,0.0,38060.0,1,0.0
21-2021,0.0,11270.0,1,0.0
23-1011,0.006220198967878657,509630.0,1,0.005644837284049819
23-1012,0.0,41160.0,1,0.0
23-1021,0.0,16850.0,1,0.0
23-1022,0.0,4020.0,1,0.0
23-1023,0.0,24640.0,1,0.0
23-2011,0.0037662445161824355,241620.0,2,0.0036162660783540536
23-2093,0.0,45290.0,1,0.0
25-1011,0.0,68210.0,1,0.0
25-1021,0.0,34420.0,1,0.0
25-1022,0.0,41870.0,1,0.0
25-1031,0.0,5260.0,1,0.0
25-1032,0.0,28910.0,1,0.0
25-1041,0.0,11240.0,1,0.0
25-1042,0.0,51650.0,1,0.0
25-1043,0.0,2450.0,1,0.0
25-1051,0.0,8130.0,1,0.0
25-1052,0.0,16900.0,1,0.0
25-1053,0.0,3520.0,1,0.0
25-1054,0.0,11800.0,1,0.0
25-1061,0.0,4690.0,1,0.0
25-1062,0.0,7440.0,1,0.0
25-1063,0.0,11420.0,1,0.0
25-1064,0.0,3900.0,1,0.0
25-1065,0.0,12300.0,1,0.0
25-1066,0.0,27190.0,1,0.0
25-1067,0.0,13990.0,1,0.0
25-1071,0.0,82400.0,1,0.0
25-1072,0.0,36250.0,1,0.0
25-1081,0.0,44830.0,1,0.0
25-1082,0.0,4100.0,1,0.0
25-1111,0.0,9580.0,1,0.0
25-1112,0.0,11470.0,1,0.0
25-1113,0.0,6470.0,1,0.0
25-1121,0.0,59750.0,1,0.0
25-1122,0.0,20380.0,1,0.0
25-1123,0.0,56430.0,1,0.0
25-1124,0.0,19610.0,1,0.0
25-1125,0.0,18100.0,1,0.0
25-1126,0.0,15890.0,1,0.0
25-1192,0.0,4500.0,1,0.0
25-1193,0.0,14520.0,1,0.0
25-1194,0.0004997917534360683,120050.0,1,0.0
25-2011,0.0,368380.0,1,0.0
25-2012,0.0,162520.0,1,0.0
25-2021,0.0,1431870.0,1,0.0
25-2022,0.0,601770.0,1,0.0
25-2023,0.0,17390.0,1,0.0
25-2031,0.0,1008810.0,1,0.0
25-2032,0.0,100980.0,1,0.0
25-2051,0.0,207180.0,1,0.0
25-2055,0.0,207180.0,1,0.0
25-2056,0.0,207180.0,1,0.0
25-2057,0.0,93520.0,1,0.0
25-2058,0.0,131160.0,1,0.0
25-3011,0.0,62410.0,1,0.0
25-3021,0.0,135910.0,1,0.0
25-4022,0.002181093039197358,160470.0,2,0.0016471919727469892
25-4031,0.0009195402298850574,108750.0,1,0.0
25-9021,0.0,11840.0,1,0.0
25-9031,0.0011434511434511435,96200.0,1,0.0
25-9042,0.0,1197700.0,1,0.0
25-9043,0.0,1197700.0,1,0.0
25-9044,0.0,121440.0,1,0.0
25-9049,0.0,1197700.0,1,0.0
27-1011,0.04677846425419241,22660.0,1,0.04484732824427481
27-1013,0.14802631578947367,9120.0,1,0.13693901035673187
27-1014,0.04393505253104107,31410.0,1,0.04074196753892017
27-1021,0.45642768850432636,32360.0,1,0.41236722306525037
27-1022,0.3367983367983368,9620.0,1,0.3515439429928741
27-1023,0.0028468684447108183,66740.0,1,0.0014915478952601923
27-1024,0.1629639396136858,151690.0,1,0.16685821002729492
27-1025,0.01855976243504083,40410.0,1,0.02043524416135881
27-1026,0.03535969343319979,57410.0,1,0.036663980660757454
27-1027,0.004189944134078212,7160.0,1,0.0
27-2011,0.0,51560.0,1,0.0
27-2012,0.0007550018875047187,52980.0,1,0.0006165228113440197
27-2021,0.0,11640.0,1,0.0
27-2022,0.0,103970.0,1,0.0
27-2023,0.0,6960.0,1,0.0
27-2031,0.0,14910.0,1,0.0
27-2032,0.0,14450.0,1,0.0
27-2041,0.0,8740.0,1,0.0
27-2042,0.0,43310.0,1,0.0
27-3031,0.02969960581758869,147140.0,1,0.024352887119007505
27-3041,0.01937984496124031,108360.0,1,0.01597228904070047
27-3042,0.19777674849467347,43180.0,1,0.19092405360921702
27-3043,0.00564838785596611,42490.0,1,0.004651162790697674
27-3091,0.004339440694310511,20740.0,1,0.004770423375074538
27-3092,0.0,15250.0,1,0.0
27-4011,0.010309278350515464,33950.0,1,0.012311480455524777
27-4012,0.0012387736141220192,32290.0,1,0.0013067624959163672
27-4014,0.01808785529715762,11610.0,1,0.023092369477911646
27-4021,0.00894774516821761,55880.0,1,0.007483785132213538
27-4031,0.004396678065461651,20470.0,1,0.0041258380608561115
27-4032,0.02789400278940028,14340.0,1,0.03932993445010925
29-1011,0.0,19920.0,1,0.0
29-1031,0.0008697542944118286,45990.0,1,0.0009031384059607134
29-1041,0.0030932390631904553,22630.0,1,0.0026642984014209592
29-1051,0.001914992993928071,214100.0,1,0.0018631611634406377
29-1071,0.0,59620.0,1,0.0
29-1081,0.0,7720.0,1,0.0
29-1122,0.0,81000.0,1,0.0
29-1123,0.0,134780.0,1,0.0
29-1124,0.0,13840.0,1,0.0
29-1125,0.0,22750.0,1,0.0
29-1126,0.0,86890.0,1,0.0
29-1127,0.0,86270.0,1,0.0
29-1131,0.0025183150183150185,43680.0,1,0.002112676056338028
29-1141,0.0012512579372500824,2245740.0,1,0.0007913196260679461
29-1151,0.0012512579372500824,2245740.0,1,0.0007913196260679461
29-1161,0.0012512579372500824,2245740.0,1,0.0007913196260679461
29-1171,0.0012512579372500824,2245740.0,1,0.0007913196260679461
29-1181,0.007238883143743537,9670.0,1,0.005213764337851929
29-1211,0.0,23690.0,1,0.0
29-1215,0.0,111910.0,1,0.0
29-1216,0.0,49800.0,1,0.0
29-1218,0.0,19060.0,1,0.0
29-1221,0.0,26820.0,1,0.0
29-1223,0.0,19520.0,1,0.0
29-1242,0.0,48930.0,1,0.0
29-1243,0.0,48930.0,1,0.0
29-1249,0.0,48930.0,1,0.0
29-1292,0.0,146240.0,1,0.00047351687749441925
29-2011,0.0011604095563139932,146500.0,1,0.0006875687568756876
29-2012,0.00494539460127756,145590.0,1,0.005096697619213852
29-2031,0.0,42890.0,1,0.0
29-2032,0.0,37120.0,1,0.0
29-2033,0.0,16650.0,1,0.0
29-2034,0.0,172740.0,1,0.0
29-2035,0.0,172740.0,1,0.0
29-2042,0.0002772233311155467,180360.0,1,0.0002274795268425842
29-2043,0.0002772233311155467,180360.0,1,0.0002274795268425842
29-2051,0.0,26490.0,1,0.0
29-2052,0.001770589079772216,208970.0,1,0.0013733468972533063
29-2053,0.0,55930.0,1,0.0
29-2055,0.0,72690.0,1,0.0
29-2056,0.004133007702423445,53230.0,1,0.0033613445378151263
29-2061,0.00022000909370920664,681790.0,1,0.00021706727638452745
29-2072,0.0008109203946479254,147980.0,1,0.0002785903329154478
29-2081,0.018141836173721827,54570.0,1,0.011151011151011152
29-2091,0.2642369020501139,4390.0,1,0.25833333333333336
29-2099,0.0,25410.0,1,0.0
29-9021,0.0008109203946479254,147980.0,1,0.0002785903329154478
29-9091,0.0,11370.0,1,0.0
31-1121,0.0,581200.0,1,0.0
31-1122,0.0,485510.0,1,0.0
31-1131,0.0,1340760.0,1,0.0
31-1132,0.0,1340760.0,1,0.0
31-1133,0.0,57730.0,1,0.0
31-2011,0.0,18490.0,1,0.0
31-2012,0.0,6020.0,1,0.0
31-2021,0.0,51440.0,1,0.0
31-2022,0.0,36690.0,1,0.0
31-9011,0.0,29610.0,1,0.0
31-9091,0.0016940413935331812,271540.0,1,0.0024300882308957677
31-9092,0.0,361610.0,1,0.0002782105497440463
31-9093,0.006229685807150596,36920.0,1,0.0043302540415704385
31-9094,0.0,97650.0,1,0.0
31-9095,0.0,60680.0,1,0.0
31-9096,0.006095654892153798,63980.0,1,0.005947596849381128
33-1011,0.0,33670.0,1,0.0
33-1012,0.0,101730.0,1,0.0
33-1021,0.001190273762965482,58810.0,1,0.0009905894006934125
33-2011,0.0026300192621129055,269960.0,1,0.002521600474654207
33-2021,0.014814814814814815,12150.0,1,0.0
33-2022,0.0,1300.0,1,0.0
33-3011,0.0,16760.0,1,0.0
33-3012,0.0,417360.0,1,0.0
33-3021,0.0,87470.0,1,0.0
33-3031,0.0,6850.0,1,0.0
33-3041,0.0,9760.0,1,0.0
33-3051,0.0,609950.0,1,0.0
33-3052,0.0,5350.0,1,0.0
33-9011,0.0,12210.0,1,0.0
33-9021,0.012743125419181758,29820.0,1,0.0
33-9031,0.0,7370.0,1,0.0
33-9032,0.017353240865894487,961780.0,1,0.019425571340333538
33-9091,0.0,70150.0,1,0.0
33-9093,0.02134876834028806,1114350.0,2,0.021921613599846398
35-1011,0.0017757483510908167,118260.0,1,0.0010084881082443903
35-1012,0.0039242843951985225,693120.0,1,0.00416787088726974
35-2011,0.0005632962772743087,603590.0,1,0.00036184437245847406
35-2012,0.0001974674795744576,405130.0,1,7.224215570592627e-05
35-2014,0.00031347107888567843,733720.0,1,0.00014071426561224778
35-2015,0.0015867418899858955,226880.0,1,0.0022225246065224295
35-2021,0.01304858014550575,852200.0,1,0.01331602730506682
35-3011,0.0001070159667822439,467220.0,1,0.0
35-3023,0.007498042599427959,2503320.0,2,0.007793280846035801
35-3031,0.0010458082873240498,2122760.0,1,0.000990832395409464
35-3041,0.0004641807210273867,193890.0,1,0.0
35-9011,0.0008399297513298888,392890.0,1,0.00040035030651820345
35-9021,0.003133393017009848,491480.0,1,0.0035396806242709465
35-9031,0.000374276964954066,293900.0,1,0.00023855774801485874
37-1011,0.01876385126816055,203050.0,1,0.02033831043206508
37-1012,0.0006320446644896239,94930.0,1,0.00031843753317057635
37-2011,0.04597266830404937,2064270.0,1,0.04825418612399978
37-2012,0.0005919935662586006,895280.0,1,0.00027526067185624787
37-2021,0.0008594018563080096,58180.0,1,0.0
37-3011,0.003895754970445997,818840.0,1,0.0034939804792829742
37-3012,0.011852502194907815,22780.0,1,0.015311004784688996
37-3013,0.0,39910.0,1,0.0
39-1013,0.0,39690.0,2,0.0
39-1014,0.0002756086357372531,108850.0,1,0.0
39-1022,0.0002756086357372531,108850.0,1,0.0
39-2011,0.0,6270.0,1,0.0
39-2021,0.0,84330.0,1,0.0
39-3011,0.0,75540.0,1,0.0
39-3012,0.0,15560.0,1,0.0
39-3021,0.0,8540.0,1,0.0
39-3031,0.0,108410.0,1,0.0
39-3091,0.0,234550.0,1,0.0
39-3092,0.0,3280.0,1,0.0
39-3093,0.0,12140.0,1,0.0
39-4011,0.0,7500.0,1,0.0
39-4021,0.0,28050.0,1,0.0
39-4031,0.0,22910.0,1,0.0
39-5011,0.0,17210.0,1,0.0
39-5012,0.0,313220.0,1,0.0
39-5091,0.0,520.0,1,0.0
39-5092,0.0,31500.0,1,0.0
39-5093,0.0,15200.0,1,0.0
39-5094,0.0,13740.0,1,0.0
39-6011,0.0,52700.0,1,0.0
39-6012,0.0,16350.0,1,0.0
39-7011,0.01126126126126126,26640.0,1,0.005738332058148432
39-7012,0.0,4410.0,1,0.0
39-9011,6.402595185248421e-05,468560.0,1,6.603711285742587e-05
39-9031,0.0,176630.0,1,0.0
39-9032,0.0,265170.0,1,0.0
39-9041,0.0,49560.0,1,0.0
41-1011,0.008880828309662478,1174440.0,1,0.008512605042016806
41-1012,0.07931268509378085,324160.0,1,0.0797148412184057
41-2011,0.006042339723398968,3460580.0,1,0.0057743809667861875
41-2012,0.0,30060.0,1,0.0
41-2021,0.008119570887482707,440910.0,1,0.009092861745543065
41-2022,0.004920207076541308,233730.0,1,0.003683858004018754
41-2031,0.009216878487018958,3991590.0,1,0.009781959378733572
41-3011,0.020973034669710372,140180.0,1,0.02073179602822434
41-3021,0.0,276220.0,1,0.0
41-3031,0.0,239940.0,1,0.0
41-3041,0.0007810211851996485,102430.0,1,0.0006830601092896176
41-4011,0.14894327315682698,389410.0,1,0.16061698382094056
41-4012,0.144814520477961,1409320.0,1,0.1459383218488753
41-9011,0.04097406034939121,94450.0,1,0.0354248668673304
41-9012,0.0,650.0,1,0.0
41-9021,0.0010590415673815197,37770.0,1,0.0
41-9022,0.0,120430.0,1,0.0
41-9031,0.3276668083297918,70590.0,1,0.3266123648017092
41-9041,0.008891143566603477,374530.0,1,0.006905775075987842
41-9091,0.018537074148296594,19960.0,1,0.017825311942959002
43-1011,0.05952734944706399,1412460.0,1,0.06023030513980741
43-2011,0.05253481638093487,217570.0,1,0.059308737167705204
43-2021,0.0,39940.0,1,0.0
43-2099,0.0,1710.0,1,0.0
43-3011,0.011884303521723346,413150.0,1,0.010256282284830186
43-3021,0.07310529845741114,477120.0,1,0.07251713204459445
43-3031,0.08310485068659035,1750680.0,1,0.08311544068306453
43-3041,0.0,18150.0,1,0.0
43-3051,0.13754053636691202,194270.0,1,0.1392783992437372
43-3061,0.20497237569060772,72400.0,1,0.21245319650533906
43-3071,0.0,538250.0,1,0.0
43-4011,0.0,72630.0,1,0.0
43-4021,0.0624512099921936,25620.0,1,0.05370051635111876
43-4031,0.0,99110.0,1,0.0
43-4041,0.018176733780760627,71520.0,1,0.010865191146881288
43-4051,0.0717885653323243,1902810.0,1,0.0723122589591368
43-4061,0.0,89310.0,1,0.0
43-4071,0.02720815442032184,249190.0,1,0.027345115556418723
43-4081,0.0,179970.0,1,0.0
43-4111,0.0,188930.0,1,0.0
43-4121,0.0,109570.0,1,0.0
43-4131,0.0,178310.0,1,0.0
43-4141,0.0,104860.0,1,0.0
43-4151,0.17038708557542093,288050.0,1,0.16407638372806876
43-4161,0.14367608013516775,165720.0,1,0.14396676300578035
43-4171,0.03069628622161774,1058760.0,1,0.030666236795691176
43-4181,0.0,165750.0,1,0.0
43-5011,0.002364864864864865,59200.0,1,0.0013695949911954608
43-5021,0.020194274028629857,117360.0,1,0.022205336035123268
43-5031,0.0,89020.0,1,0.0
43-5032,0.03160509158646383,161050.0,1,0.025711777248212716
43-5041,0.0,45110.0,1,0.0
43-5051,0.0,78520.0,1,0.0
43-5052,0.0,344580.0,1,0.0
43-5053,0.0,224250.0,1,0.0
43-5061,0.4544632523148148,276480.0,1,0.46132266028278596
43-5071,0.28036919542030575,765990.0,1,0.28729389700711105
43-5111,0.2738205365402405,75670.0,1,0.3384042222912139
43-6011,0.06900319322162932,1418630.0,1,0.06810316033344467
43-6012,0.0007972362476747276,263410.0,1,0.0003494874184529357
43-6013,0.0008020854220974534,349090.0,1,0.0008353221957040571
43-6014,0.04331197751943451,1843370.0,1,0.04523556243699491
43-9021,0.03931523022432113,338800.0,1,0.03704989849342878
43-9022,0.01270141185115205,190530.0,1,0.011087337093950593
43-9031,0.2921630094043887,31900.0,1,0.2872738615096694
43-9041,0.0,232500.0,1,0.0
43-9051,0.04592816013161503,145880.0,1,0.03895278642689204
43-9061,0.053688476969659685,2926140.0,1,0.05385406177305437
43-9071,0.07790124871119258,87290.0,1,0.07336486330603299
43-9081,0.10132890365448505,24080.0,1,0.11203319502074689
43-9111,0.054901960784313725,20400.0,1,0.05083088954056696
45-1011,0.10655737704918032,19520.0,1,0.10289555325749741
45-2011,0.09792284866468842,13480.0,1,0.10852017937219731
45-2021,0.09032258064516129,1550.0,1,0.0
45-2041,0.19673844867238136,47830.0,1,0.17527709938004885
45-2091,0.11155180961824492,20170.0,1,0.10255152109911678
45-2092,0.022625781482584102,201540.0,1,0.013061869567238413
45-2093,0.2039976484420929,34020.0,1,0.18370883882149047
45-4011,0.020432692307692308,8320.0,1,0.025735294117647058
45-4021,0.10175054704595186,9140.0,1,0.10093652445369407
45-4022,0.1650485436893204,26780.0,1,0.15423606082548877
45-4023,0.7531914893617021,4700.0,1,0.7310344827586207
47-1011,0.02165987977506302,515700.0,1,0.020477883096366507
47-2011,0.15204981837052414,19270.0,1,0.12561029738126941
47-2021,0.015893792071802543,106960.0,1,0.01658833287254631
47-2022,0.029717682020802376,13460.0,1,0.02091713596138375
47-2031,0.060394644115574346,851400.0,1,0.05841332348839117
47-2041,0.0026795284030010718,37320.0,1,0.003218884120171674
47-2042,0.0,14470.0,1,0.005689900426742532
47-2043,0.028708133971291867,6270.0,1,0.01637107776261937
47-2044,0.03519955654101996,36080.0,1,0.033659730722154224
47-2051,0.036680396304130024,179660.0,1,0.03462957706500142
47-2053,0.039285714285714285,5600.0,1,0.12658227848101267
47-2061,0.008684586826190195,762270.0,1,0.008476320792414904
47-2071,0.028203342618384402,57440.0,1,0.029467516801654315
47-2072,0.0,4190.0,1,0.0
47-2073,0.027382064455861745,342560.0,1,0.025336848271821914
47-2081,0.001522478953967401,111660.0,1,0.0017247639796659406
47-2082,0.0014992503748125937,33350.0,1,0.0
47-2111,0.12028786840301577,583600.0,1,0.10700682839790002
47-2121,0.06440306681270537,45650.0,1,0.05390132579873941
47-2141,0.04810126582278481,244900.0,1,0.052858045160271594
47-2142,0.01152073732718894,8680.0,1,0.008206330597889801
47-2151,0.0,51250.0,1,0.0
47-2152,0.06206497861024396,432450.0,1,0.05715347799823428
47-2161,0.0,53390.0,1,0.0
47-2171,0.06233243967828418,29840.0,1,0.029650547123190964
47-2181,0.0017764994501311227,118210.0,1,0.003007389585839491
47-2211,0.24559728410778697,188520.0,1,0.2392386681879473
47-2221,0.0772016222479722,69040.0,1,0.0747599451303155
47-2231,0.08604528929963647,913240.0,3,0.0779962742760027
47-3011,0.004720161834120027,59320.0,1,0.005319148936170213
47-3012,0.03245019511193264,97380.0,1,0.027049521431543905
47-3013,0.0057983463975088585,93130.0,1,0.002290473711608537
47-3014,0.013560500695410291,28760.0,1,0.005296259516716319
47-3015,0.0024665714656627287,77030.0,1,0.0013007284079084287
47-3016,0.0,21110.0,1,0.0
47-4011,0.0012685525815045035,78830.0,1,0.0008140008140008141
47-4021,0.0066068900424728644,21190.0,1,0.010219724067450179
47-4031,0.004155124653739612,21660.0,1,0.006329113924050634
47-4041,0.00776914539400666,36040.0,1,0.0011876484560570072
47-4051,0.00042912315834644544,139820.0,1,0.0
47-4061,0.0,9840.0,1,0.0
47-4071,0.0,16040.0,1,0.0
47-4091,0.07947019867549669,1510.0,1,0.08982035928143714
47-5011,0.0,14670.0,1,0.0
47-5012,0.0,13800.0,1,0.0
47-5013,0.0,12090.0,1,0.0
47-5022,0.03782991202346041,68200.0,1,0.03643848147583473
47-5023,0.0025303643724696357,19760.0,1,0.0
47-5032,0.008100445524503848,24690.0,2,0.006853866665183748
47-5041,0.019337016574585635,7240.0,1,0.00902061855670103
47-5043,0.0,3940.0,1,0.0
47-5044,0.03460207612456748,5780.0,2,0.019135996644647164
47-5049,0.0091324200913242,4380.0,1,0.0
47-5051,0.156794425087108,2870.0,1,0.15454545454545454
47-5071,0.011642411642411643,24050.0,1,0.0017028522775649213
47-5081,0.0,28550.0,1,0.0016590626296142678
49-1011,0.13140802337341273,444950.0,1,0.13455161563596757
49-2011,0.03232139101170862,142630.0,1,0.030242859324881625
49-2021,0.011475409836065573,6100.0,1,0.0071301247771836
49-2022,0.002976343203161082,194870.0,1,0.0025887573964497044
49-2091,0.2708757637474542,19640.0,1,0.2619399310684392
49-2092,0.25914396887159535,25700.0,1,0.266260162601626
49-2093,0.31211750305997554,16340.0,1,0.15319148936170213
49-2094,0.3405770855970059,82830.0,1,0.30955063211916384
49-2095,0.029239766081871343,18810.0,1,0.02115494568324757
49-2096,0.0946271050521251,12470.0,1,0.02782608695652174
49-2097,0.029323558813728758,30010.0,1,0.01670904467853251
49-2098,0.0023855996530036867,46110.0,1,0.0028598665395614875
49-3011,0.1349423059984145,113530.0,1,0.12225240800197582
49-3021,0.001526896875734085,170280.0,1,0.0036164255716285582
49-3022,0.010875475802066341,18390.0,1,0.006191950464396285
49-3023,0.01752612567079425,672710.0,1,0.010640696154019568
49-3031,0.06265684449121671,247060.0,1,0.057291250499400724
49-3041,0.027070063694267517,31400.0,1,0.02914872474329248
49-3042,0.0470546612418185,113060.0,1,0.04288288288288288
49-3043,0.08376623376623377,15400.0,1,0.1110223642172524
49-3051,0.07370184254606366,17910.0,1,0.07753705815279362
49-3052,0.019098548510313215,13090.0,1,0.01779935275080906
49-3053,0.026826248452331822,24230.0,1,0.025491949910554562
49-3091,0.0,6670.0,1,0.0
49-3092,0.049959049959049956,12210.0,1,0.027097902097902096
49-3093,0.03991673809232276,81670.0,1,0.038969123505976096
49-9011,0.009881422924901186,10120.0,1,0.014598540145985401
49-9012,0.051045343469997284,36830.0,1,0.036036036036036036
49-9021,0.038641630799791896,211430.0,1,0.03984594874833358
49-9031,0.013595603124096037,34570.0,1,0.008264462809917356
49-9041,0.6963359018713634,190770.0,1,0.6847447795823666
49-9043,0.6229601734565788,87630.0,1,0.6461265523358959
49-9044,0.5315436241610738,59600.0,1,0.5205836373110996
49-9045,0.9049295774647887,2840.0,1,0.7138157894736842
49-9051,0.0,93020.0,1,0.0
49-9052,0.002580820429231187,147240.0,1,0.002857699551860752
49-9061,0.02880658436213992,2430.0,1,0.013986013986013986
49-9062,0.03818103818103818,23310.0,1,0.04335260115606936
49-9063,0.06589147286821706,5160.0,1,0.07785888077858881
49-9064,0.01729106628242075,3470.0,1,0.03273809523809524
49-9071,0.22327927986481216,1230880.0,1,0.22345701537593926
49-9091,0.10874704491725769,33840.0,1,0.11485402630734681
49-9092,0.0,1610.0,1,0.0
49-9094,0.0021390374331550803,18700.0,1,0.0
49-9095,0.08246597277822258,12490.0,1,0.08668242710795902
49-9096,0.24168126094570927,11420.0,1,0.2276150627615063
49-9097,0.0,7440.0,1,0.0
49-9098,0.11207768561602266,148290.0,1,0.12932217343578487
49-9099,0.4513888888888889,1440.0,1,0.45625
51-1011,0.7452957850804097,702030.0,1,0.7458488939959782
51-2011,0.9758607043925603,25270.0,1,0.9805050952591936
51-2021,0.9603007518796992,33250.0,1,0.9726424203411651
51-2022,0.9082093845016024,243380.0,1,0.8937416777629827
51-2023,0.9536672294128681,53310.0,1,0.9284365558912386
51-2031,0.9642053589691143,48890.0,1,0.9482053611994548
51-2041,0.797158081705151,84450.0,1,0.7784825567211515
51-2051,0.8978201634877384,29360.0,1,0.8576072821846554
51-2061,0.8587699316628702,4390.0,1,0.9234135667396062
51-2092,0.8102370796547962,1108910.0,1,0.816621085134539
51-3011,0.32592166634719827,156510.0,1,0.3220170366225207
51-3021,0.12325546116504854,131840.0,1,0.1117244596485772
51-3022,0.7982116642199386,149860.0,1,0.7976158763985083
51-3023,0.9820638820638821,122100.0,1,0.9755477929501429
51-3091,0.8946723821187997,16330.0,1,0.9265193370165746
51-3092,0.8307900067521945,74050.0,1,0.8549840162743388
51-3093,0.7663492063492063,31500.0,1,0.9162595952547103
51-4021,0.9276407881985571,92870.0,1,0.9133247089262613
51-4022,0.9142150803461063,40450.0,1,0.8533672172808133
51-4023,0.929377852510209,41630.0,1,0.9164086687306502
51-4031,0.9134596901310984,260110.0,1,0.9063947762010724
51-4032,0.9860241969128076,47940.0,1,0.9949708308187487
51-4033,0.9813747684708788,97180.0,1,0.9827198364008181
51-4034,0.956902743858641,69610.0,1,0.9877815398204034
51-4035,0.9806144842721287,27340.0,1,0.9706713780918728
51-4041,0.7927237131903092,367770.0,1,0.7721813356679708
51-4051,0.9661114302125215,17410.0,1,0.9795665634674923
51-4052,0.990787269681742,11940.0,1,0.9915469146238377
51-4061,0.9378238341968912,7720.0,1,0.974739970282318
51-4062,1.0,5750.0,1,1.0
51-4071,0.9955312810327706,20140.0,1,0.9934310257705913
51-4072,0.9576360198865626,142810.0,1,0.9602811950790862
51-4081,0.9610666125925175,98630.0,1,0.9758180809761509
51-4111,0.9776357827476039,103290.0,1,0.9795754905887064
51-4121,0.6523402085222122,352960.0,1,0.6512100139082059
51-4122,0.9522107243650048,53150.0,1,0.9695668409260642
51-4191,0.9802607076350093,26850.0,1,0.9852724594992637
51-4192,0.9918433931484503,12260.0,1,0.988909426987061
51-4193,0.9785268414481898,40050.0,1,0.9794095757876459
51-4194,0.8901098901098901,21840.0,1,0.897816999535532
51-5111,0.6638583638583638,81900.0,1,0.6608367626886146
51-5112,0.7296868475991649,239500.0,2,0.726787960249336
51-5113,0.7621855904504761,140740.0,3,0.7550405739335453
51-6011,0.01120111085396899,216050.0,1,0.012262676956583495
51-6021,0.16647452155868112,86740.0,1,0.15822490706319703
51-6031,0.9009655279382682,257890.0,1,0.8883052454950026
51-6041,0.5633986928104575,7650.0,1,0.5765765765765766
51-6042,1.0,5440.0,1,0.9705372616984403
51-6051,0.8123778501628665,15350.0,1,0.7641707487753674
51-6052,0.1392904073587385,30440.0,1,0.14917325664989217
51-6061,0.930567315834039,23620.0,1,0.8669614147909966
51-6062,0.8309305373525557,30520.0,1,0.827414537006306
51-6063,0.9899033297529538,46550.0,1,0.9906580859456093
51-6064,0.9937380413985041,57490.0,1,0.9976039705630669
51-6091,1.0,25770.0,1,0.9979983987189752
51-6092,0.8210526315789474,9500.0,1,0.8307543520309478
51-6093,0.6572230729964268,39180.0,1,0.6791497975708503
51-7011,0.8656060121522225,125080.0,1,0.8595775911277828
51-7021,0.6637992831541218,27900.0,1,0.6682842287694974
51-7031,0.8963414634146342,3280.0,1,0.8148148148148148
51-7032,1.0,3180.0,1,1.0
51-7041,0.9175988068605518,53640.0,1,0.9195852083740951
51-7042,0.9030807285810659,88940.0,1,0.901345802919708
51-8011,0.0,3370.0,1,0.0
51-8012,0.13640922768304914,9970.0,1,0.10412757973733583
51-8013,0.023906888958792075,31790.0,1,0.010047095761381476
51-8021,0.25296196217002703,48110.0,1,0.2896761133603239
51-8031,0.053255058182199395,95390.0,1,0.0436612309310889
51-8091,0.965976597659766,55550.0,1,0.9631811487481591
51-8092,0.1111111111111111,10800.0,1,0.09300265721877768
51-8093,0.5163975782038345,39640.0,1,0.5554904831625183
51-9011,0.9372890389056671,56290.0,1,0.9312583540194768
51-9012,0.8614107883817428,36150.0,1,0.8759951010410287
51-9021,0.7418978782933084,42890.0,1,0.7371717658395567
51-9022,0.9241585984324574,43380.0,1,0.9225991399904444
51-9023,0.9079844206426485,102700.0,1,0.9121227621483377
51-9031,0.8693467336683417,23880.0,1,0.857197549770291
51-9032,0.9069767441860465,69660.0,1,0.9137574168621498
51-9041,0.9716428084526244,73350.0,1,0.9735488611315208
51-9051,0.9522537562604341,29950.0,1,0.9360529217199559
51-9061,0.6978931679020303,496480.0,1,0.689978459329162
51-9071,0.4090755164239756,29530.0,1,0.40486409155937053
51-9081,0.7953229398663697,44900.0,1,0.8233383308345826
51-9082,0.667,10000.0,1,0.7449392712550608
51-9083,0.3774182201899402,28430.0,1,0.35476501305483027
51-9111,0.6142638996670589,399470.0,1,0.6326922079941936
51-9123,0.7289320388349515,25750.0,1,0.7103634957463264
51-9124,0.7583514099783081,138300.0,2,0.7657074713398373
51-9141,0.9753564154786151,49100.0,1,0.9954682779456193
51-9151,0.044530985438537084,59060.0,2,0.05817899611243783
51-9161,0.9844135188866799,125750.0,1,0.98907190370605
51-9162,0.9640787949015064,17260.0,1,0.9822043628013778
51-9191,0.9553679131483716,24870.0,1,0.989202657807309
51-9192,0.9299093655589123,16550.0,1,0.9459631277813096
51-9193,0.9363143631436315,7380.0,1,0.941358024691358
51-9194,0.6044776119402985,8040.0,1,0.633248730964467
51-9195,0.9550027948574623,35780.0,1,0.9509129003292426
51-9196,0.9576310643449111,107390.0,1,0.9626072361059306
51-9197,0.9434229137199435,14140.0,1,0.928744939271255
51-9198,0.8606380625898485,361720.0,1,0.6459371614301191
53-1041,0.08389261744966443,8940.0,1,0.03757225433526012
53-1042,0.18979472900343197,154430.0,1,0.1809034907597536
53-1043,0.09710792381848107,212650.0,1,0.09550449550449551
53-1044,0.06432348367029549,321500.0,2,0.06316961421160489
53-1049,0.09710792381848107,212650.0,1,0.09550449550449551
53-2011,0.005155303518494652,77590.0,1,0.0
53-2012,0.054535336672231496,17970.0,1,0.04506172839506173
53-2021,0.001314060446780552,22830.0,1,0.0013392857142857143
53-2022,0.061420345489443376,5210.0,1,0.06016597510373444
53-2031,0.0,105630.0,1,0.0
53-3011,0.0,17440.0,1,0.0
53-3031,0.06955650477245162,379260.0,1,0.07260862382289773
53-3032,0.10728646836155972,1526940.0,1,0.10751716541457526
53-3033,0.07192582781456953,943750.0,1,0.0720872095405926
53-3051,0.0,465970.0,1,0.0
53-3052,0.0,188680.0,1,0.0
53-3053,0.00037145848107250195,592260.0,2,0.00030180492002368535
53-3054,0.0017420223295589517,126290.0,1,0.0014153692448588794
53-4011,0.002966381015161503,30340.0,1,0.0
53-4013,0.10946196660482375,5390.0,1,0.1580246913580247
53-4022,0.0,14100.0,2,0.007191430989697341
53-4031,0.002894821486008363,31090.0,1,0.0023094688221709007
53-4041,0.0,8750.0,1,
53-5011,0.0062622309197651665,25550.0,1,0.001323918799646955
53-5021,0.011855905152758778,21930.0,1,0.006069802731411229
53-5022,0.0,1930.0,1,0.0
53-5031,0.008244994110718492,8490.0,1,0.0
53-6011,0.0,2980.0,1,0.0
53-6021,0.0,110880.0,1,0.0
53-6031,0.0012581253931641854,95380.0,1,0.0
53-6041,0.0,6020.0,1,0.0
53-6051,0.00261210274270788,22970.0,1,0.0032985156679494225
53-6061,0.0,27750.0,1,0.0
53-7011,0.31830145639585894,56990.0,1,0.34211495946941783
53-7021,0.33276740237691,47120.0,1,0.3339041095890411
53-7031,0.0,2460.0,1,0.0
53-7041,0.38820301783264743,7290.0,1,0.3626062322946176
53-7051,0.4223444396981347,561840.0,1,0.3972290334196403
53-7061,0.08267185392024598,318730.0,1,0.06940135964622797
53-7062,0.15741706887135518,2252170.0,1,0.16218963467232417
53-7063,0.8753358065754125,156340.0,1,0.883463248083489
53-7064,0.3041281755196305,900640.0,1,0.29911134683451135
53-7065,0.0672607406064217,1544140.0,1,0.06723738518504642
53-7071,0.072265625,5120.0,1,0.055662188099808066
53-7072,0.30522456461961506,10910.0,1,0.285442435775452
53-7073,0.0037220843672456576,8060.0,1,0.0
53-7081,0.0012307109722616682,105630.0,1,0.0005349636988918609
53-7121,0.32878492527615333,15390.0,1,0.3333333333333333
53-7199,0.03782991202346041,68200.0,1,0.03643848147583473
