onet_code,rle_mean
11-1011.00,7.241300000000001
11-1011.03,7.7037
11-1021.00,3.6732
11-2011.00,5.206999999999999
11-2021.00,6.680499999999999
11-2022.00,5.6666
11-2033.00,5.786299999999999
11-3012.00,3.963203679632036
11-3013.00,4.341765823417658
11-3013.01,6.05
11-3021.00,5.55085508550855
11-3031.00,5.51024897510249
11-3031.01,6.8
11-3031.03,7.407159284071592
11-3051.00,3.811781178117812
11-3051.01,6.0
11-3051.02,4.057005700570057
11-3051.03,4.9751
11-3051.04,5.1278999999999995
11-3051.06,4.165716571657165
11-3061.00,5.316
11-3071.04,6.4286
11-3111.00,6.380999999999999
11-3121.00,6.045395460453954
11-3131.00,6.5
11-9021.00,4.5
11-9031.00,4.1392
11-9032.00,7.6813
11-9033.00,9.2528
11-9041.00,7.43965603439656
11-9041.01,6.482696539307861
11-9051.00,3.0893089308930897
11-9071.00,2.9372000000000003
11-9072.00,5.490350964903509
11-9081.00,4.8898110188981105
11-9111.00,6.250125012501252
11-9121.00,8.534153415341533
11-9121.01,5.287500000000002
11-9121.02,7.0
11-9131.00,3.0267026702670266
11-9141.00,5.35
11-9151.00,6.307330733073306
11-9161.00,5.954404559544045
11-9171.00,4.0245
11-9179.01,6.8074192580741935
11-9179.02,4.2203
11-9199.01,6.434800000000001
11-9199.02,5.653534646535346
11-9199.08,4.954604539546046
11-9199.09,4.7231
11-9199.10,6.088991100889911
11-9199.11,6.409200000000002
13-1011.00,4.699
13-1021.00,5.4675
13-1022.00,3.940199999999999
13-1023.00,5.4
13-1031.00,5.248224822482248
13-1032.00,3.4155
13-1041.01,5.45
13-1041.03,6.143899999999999
13-1041.04,4.682600000000001
13-1041.06,5.45
13-1041.07,6.55
13-1041.08,3.25
13-1051.00,5.818118188181183
13-1071.00,5.767
13-1074.00,1.710628937106289
13-1075.00,6.047614284285286
13-1081.00,5.25022502250225
13-1081.01,6.26097390260974
13-1081.02,5.909218156368727
13-1111.00,6.381038103810382
13-1121.00,4.6675
13-1131.00,6.142799999999999
13-1141.00,5.904790479047905
13-1151.00,5.478052194780521
13-1161.00,6.8261
13-1161.01,4.999900009999001
13-1199.04,5.912708729127087
13-1199.05,6.7391
13-1199.06,4.103389661033898
13-1199.07,5.75
13-2022.00,6.087291270872912
13-2023.00,5.227077292270773
13-2031.00,5.601639836016398
13-2041.00,6.1
13-2052.00,6.2309
13-2053.00,5.3999
13-2061.00,6.173982601739827
13-2071.00,4.0
13-2072.00,5.397599999999999
13-2081.00,4.627037296270372
13-2082.00,3.6190380961903807
13-2099.01,7.45
13-2099.04,6.083100000000001
15-1211.00,5.381838183818381
15-1211.01,7.333333333333331
15-1212.00,5.897499999999999
15-1221.00,8.025799999999998
15-1231.00,5.1009
15-1232.00,5.0099
15-1241.00,5.3
15-1241.01,5.095190480951905
15-1242.00,5.9815999999999985
15-1243.00,6.1906
15-1243.01,5.652034796520349
15-1244.00,5.58054194580542
15-1251.00,5.868700000000001
15-1252.00,5.8725
15-1253.00,5.235423542354236
15-1254.00,4.74992500749925
15-1255.01,4.6
15-1299.01,5.35
15-1299.03,6.1
15-1299.05,4.894799999999998
15-1299.08,4.500149985001499
15-1299.09,5.8572000000000015
15-2011.00,6.535553555355535
15-2021.00,9.7
15-2031.00,7.666900000000001
15-2041.00,7.856985698569858
15-2041.01,8.6251
15-2051.01,6.454554544545545
15-2051.02,6.1
15-2099.01,7.1566
17-1011.00,7.4286
17-1012.00,6.2
17-1021.00,4.8386000000000005
17-1022.00,4.6842999999999995
17-1022.01,5.8519703940788155
17-2011.00,6.590699999999999
17-2021.00,6.65
17-2031.00,7.9127
17-2041.00,6.174
17-2051.00,6.238023802380239
17-2051.01,6.091
17-2051.02,6.695730426957304
17-2061.00,7.034496550344965
17-2071.00,6.036400000000001
17-2072.00,5.919699999999999
17-2072.01,5.8465
17-2081.00,6.571457145714571
17-2111.02,6.269446110777845
17-2112.00,5.6217999999999995
17-2112.01,7.1
17-2112.02,6.05
17-2112.03,5.92
17-2121.00,5.4738999999999995
17-2131.00,8.19031903190319
17-2141.00,5.2356
17-2141.01,6.857200000000001
17-2141.02,6.5238000000000005
17-2151.00,6.207299999999999
17-2161.00,6.381
17-2171.00,6.2691
17-2199.03,6.5003999200159965
17-2199.05,5.458754124587542
17-2199.06,7.901999999999999
17-2199.07,6.9524
17-2199.08,6.500249975002501
17-2199.09,9.714171417141714
17-2199.10,6.442455754424558
17-2199.11,5.074000000000001
17-3012.00,4.802819718028197
17-3013.00,5.067986402719457
17-3021.00,3.7039
17-3022.00,4.2276
17-3024.00,4.458245824582457
17-3024.01,4.5455000000000005
17-3025.00,5.2403759624037605
17-3026.00,4.0062999999999995
17-3026.01,8.6
17-3027.00,4.386861313868613
17-3027.01,5.185418541854185
17-3029.01,2.9094090590940906
17-3029.08,4.227577242275772
19-1011.00,9.2172
19-1012.00,5.772822717728227
19-1013.00,8.000100010000999
19-1021.00,10.05
19-1022.00,6.545745425457453
19-1023.00,6.967696769676968
19-1029.01,9.0763
19-1029.02,9.384661533846614
19-1029.03,9.96
19-1029.04,8.396399999999998
19-1031.00,6.4347565243475655
19-1031.02,6.093590640935907
19-1031.03,5.429557044295571
19-1032.00,5.833116688331168
19-1041.00,9.222100000000001
19-1042.00,9.974799999999998
19-2011.00,10.999900009999
19-2012.00,11.03929607039296
19-2021.00,7.45
19-2031.00,7.7408
19-2032.00,7.19061906190619
19-2041.00,5.7337
19-2041.01,8.347900000000003
19-2041.02,6.9091
19-2041.03,7.782721727827219
19-2042.00,7.7501999999999995
19-2043.00,7.347900000000001
19-2099.01,6.52
19-3011.00,8.5002
19-3011.01,9.25912591259126
19-3022.00,7.23107689231077
19-3032.00,8.576542345765425
19-3033.00,11.24
19-3034.00,8.5386
19-3039.02,11.84
19-3039.03,11.9167
19-3041.00,9.7
19-3051.00,7.28
19-3091.00,8.45
19-3092.00,7.9
19-3093.00,6.9373000000000005
19-3094.00,10.807800000000002
19-3099.01,6.9
19-4012.00,4.474752524747525
19-4012.01,4.8260000000000005
19-4013.00,5.218521852185219
19-4021.00,6.812599999999999
19-4031.00,4.213
19-4042.00,5.454254574542546
19-4051.02,3.9018098190180988
19-4061.00,6.595759575957595
19-4071.00,3.901709829017098
19-4092.00,3.95070492950705
19-4099.01,3.6392999999999995
19-4099.03,5.3631
19-5011.00,6.086991300869913
19-5012.00,5.238223822382238
21-1011.00,5.8912
21-1012.00,6.8036196380361975
21-1013.00,8.375962403759624
21-1014.00,8.142800000000001
21-1015.00,6.154
21-1021.00,6.4615
21-1022.00,7.888888888888888
21-1023.00,7.6648000000000005
21-1091.00,5.386100000000002
21-1092.00,5.8779
21-1093.00,5.5396
21-1094.00,5.726727327267273
21-2011.00,6.476447644764475
21-2021.00,5.370062993700631
23-1011.00,10.771899999999999
23-1012.00,10.156515651565154
23-1021.00,8.414200000000001
23-1022.00,8.0528
23-1023.00,10.831216878312167
23-2011.00,5.5318
23-2093.00,3.0504
25-1011.00,10.082891710828918
25-1021.00,9.0295
25-1022.00,9.3253
25-1031.00,9.165916591659165
25-1032.00,10.600179964007198
25-1041.00,10.6775
25-1042.00,10.945605439456054
25-1043.00,10.767599999999998
25-1051.00,9.4993
25-1052.00,9.8988
25-1053.00,10.7649
25-1054.00,10.4483
25-1061.00,10.09069093090691
25-1062.00,10.019
25-1063.00,10.4778
25-1064.00,10.524199999999999
25-1065.00,10.8962
25-1066.00,10.863913608639136
25-1067.00,10.3052
25-1071.00,8.97910208979102
25-1072.00,9.271799999999999
25-1081.00,10.6852
25-1082.00,10.243724372437246
25-1111.00,7.905190519051905
25-1112.00,9.96970302969703
25-1113.00,10.123012301230123
25-1121.00,8.638263826382637
25-1122.00,8.962796279627964
25-1123.00,9.104210421042104
25-1124.00,10.0278
25-1125.00,10.0892
25-1126.00,10.720772077207721
25-1192.00,9.1935
25-1193.00,10.124
25-1194.00,5.251474852514748
25-2011.00,4.5006500650065
25-2012.00,6.3814
25-2021.00,6.436599999999999
25-2022.00,5.7776
25-2023.00,6.5165999999999995
25-2031.00,6.341065893410658
25-2032.00,5.754224577542245
25-2051.00,7.0575
25-2056.00,6.343965603439656
25-2057.00,6.353599999999999
25-2058.00,6.998200000000001
25-2059.01,6.9047
25-3011.00,5.934106589341066
25-3021.00,5.5111511151115105
25-3031.00,5.136813681368137
25-3041.00,4.909299999999999
25-4011.00,7.903199999999999
25-4012.00,8.744674467446744
25-4013.00,6.266726672667266
25-4022.00,7.157984201579842
25-4031.00,4.4704529547045295
25-9021.00,7.333666733346668
25-9031.00,7.698930106989302
25-9042.00,4.185481451854814
25-9043.00,4.5778
25-9044.00,6.908190819081907
27-1011.00,5.633663366336633
27-1012.00,3.0001999800019994
27-1013.00,4.168799999999999
27-1014.00,4.9737
27-1021.00,5.3921
27-1022.00,5.3621637836216385
27-1023.00,2.64
27-1024.00,5.45
27-1025.00,6.12
27-1026.00,3.6234
27-1027.00,7.142828565713144
27-2011.00,3.51974802519748
27-2012.00,4.853614638536145
27-2012.03,4.4344
27-2012.04,6.144814481448146
27-2012.05,5.7741999999999996
27-2021.00,3.0109999999999997
27-2022.00,5.766876687668766
27-2023.00,2.9999000000000002
27-2031.00,1.9385061493850615
27-2032.00,3.5238523852385244
27-2041.00,7.064906490649065
27-2042.00,5.38933893389339
27-3011.00,4.3995999999999995
27-3031.00,6.181800000000001
27-3041.00,6.3914
27-3042.00,5.306469353064694
27-3043.00,5.1158
27-3043.05,4.9544
27-3091.00,6.265200000000001
27-3092.00,3.4297570242975706
27-4011.00,4.265226522652265
27-4012.00,4.0311
27-4014.00,4.12
27-4021.00,3.7730226977302275
27-4031.00,4.3886
27-4032.00,5.1685
29-1011.00,10.0625
29-1021.00,9.9878
29-1022.00,11.642400000000002
29-1023.00,10.73132686731327
29-1024.00,11.3775
29-1031.00,7.166716671667167
29-1041.00,10.952399999999997
29-1051.00,10.286000000000001
29-1071.00,8.162
29-1071.01,6.03020302030203
29-1081.00,11.123299999999999
29-1122.00,7.7272
29-1122.01,7.478300000000001
29-1123.00,9.0599
29-1124.00,5.1635
29-1125.00,6.1081
29-1126.00,5.0221
29-1127.00,8.1148
29-1128.00,7.0909
29-1129.01,8.187318731873187
29-1129.02,6.422999999999999
29-1131.00,11.0264
29-1141.00,5.129299999999999
29-1141.01,6.380738073807382
29-1141.02,8.347965203479651
29-1141.03,5.964196419641964
29-1141.04,8.285628562856285
29-1151.00,9.740800000000002
29-1161.00,8.125012501250126
29-1171.00,8.869613038696132
29-1181.00,11.045499999999999
29-1211.00,11.605500000000001
29-1213.00,10.723700000000001
29-1214.00,11.586199999999998
29-1215.00,10.87028702870287
29-1216.00,11.5301
29-1217.00,11.277472252774723
29-1218.00,11.705600000000002
29-1221.00,11.770299999999999
29-1222.00,11.413
29-1223.00,11.374062593740627
29-1224.00,10.6706
29-1229.01,10.135200000000001
29-1229.02,11.2
29-1229.03,11.622137786221378
29-1229.04,11.3775
29-1229.05,11.7368
29-1229.06,11.490499999999999
29-1241.00,9.93039303930393
29-1291.00,8.143099999999999
29-1292.00,5.847800000000001
29-1299.01,11.04
29-1299.02,7.107110711071108
29-2011.00,5.784721527847215
29-2011.01,6.238099999999999
29-2011.02,6.6364
29-2011.04,5.3332
29-2012.00,5.743100000000001
29-2012.01,4.68
29-2031.00,4.5875
29-2032.00,5.616499999999999
29-2033.00,5.43075692430757
29-2034.00,4.7759
29-2035.00,4.739226077392262
29-2036.00,6.7
29-2051.00,3.7699000000000003
29-2052.00,2.9808
29-2053.00,4.2669999999999995
29-2055.00,3.9938
29-2056.00,3.7771999999999992
29-2057.00,2.6364
29-2061.00,4.033099999999999
29-2081.00,3.0834
29-2091.00,7.85
29-2092.00,6.990900909909009
29-2099.01,4.4517
29-2099.05,3.85
29-2099.08,4.687868786878688
29-9091.00,6.7554
29-9092.00,8.0
29-9093.00,5.123575284943011
29-9099.01,5.6213
31-1121.00,2.6084608460846086
31-1122.00,2.6813
31-1131.00,3.464353564643535
31-1132.00,1.9758000000000002
31-1133.00,3.5288999999999997
31-2011.00,4.9857
31-2012.00,3.5696000000000003
31-2021.00,5.197280271972803
31-2022.00,4.117888211178882
31-9011.00,3.3846615338466157
31-9091.00,3.0503000000000005
31-9092.00,3.4917000000000002
31-9093.00,3.225
31-9094.00,3.3838
31-9095.00,2.1429
31-9096.00,2.1497149714971493
31-9097.00,3.091190880911909
31-9099.01,5.6601
31-9099.02,2.7308269173082698
33-1011.00,3.211221122112211
33-1012.00,3.287
33-1021.00,3.6868
33-1091.00,3.921807819218078
33-2011.00,3.0200020002000207
33-2021.00,3.3274327432743274
33-2022.00,3.9377999999999997
33-3011.00,3.1496149614961495
33-3012.00,2.2271
33-3021.00,3.552744725527447
33-3021.02,3.9005999999999994
33-3021.06,6.173782621737826
33-3031.00,5.3498650134986505
33-3041.00,2.0733073307330736
33-3051.00,3.281071892810719
33-3051.04,3.8002800280028004
33-3052.00,4.3376662333766625
33-9011.00,2.6925
33-9021.00,4.507050705070507
33-9031.00,2.2437000000000005
33-9032.00,2.463
33-9091.00,1.9733999999999998
33-9092.00,2.4133999999999998
33-9093.00,2.1852
33-9099.02,2.7543
35-1011.00,4.291600000000001
35-1012.00,1.7756
35-2011.00,1.5797999999999999
35-2012.00,2.5132999999999996
35-2013.00,2.654
35-2014.00,2.137513751375138
35-2015.00,2.1902809719028102
35-2021.00,2.807
35-3011.00,2.0281000000000002
35-3023.00,1.8081191880811922
35-3023.01,1.8203
35-3031.00,1.8024999999999998
35-3041.00,2.8867999999999996
35-9011.00,1.8327000000000004
35-9021.00,1.5809000000000002
35-9031.00,2.419
37-1011.00,3.3544
37-1012.00,4.441044104410441
37-2011.00,2.8640999999999996
37-2012.00,2.4003
37-2021.00,2.1111
37-3011.00,2.7466999999999997
37-3012.00,2.5275000000000003
37-3013.00,1.5308
39-1013.00,2.9788978897889793
39-1022.00,4.353300000000001
39-2011.00,2.4579
39-2021.00,2.8472000000000004
39-3011.00,2.1611999999999996
39-3012.00,2.217578242175782
39-3021.00,2.3839383938393834
39-3031.00,1.8409840984098411
39-3091.00,1.4908000000000001
39-3092.00,3.6605000000000003
39-3093.00,1.9881011898810121
39-4011.00,5.1363
39-4021.00,3.3689368936893693
39-4031.00,4.6515
39-5011.00,2.788578857885789
39-5012.00,2.7917
39-5091.00,3.2855571114222846
39-5092.00,1.7951
39-5093.00,2.566
39-5094.00,3.8950104989501044
39-6011.00,1.8470152984701529
39-6012.00,3.0909000000000004
39-7011.00,4.4109
39-7012.00,2.5876587658765877
39-9011.00,3.1462
39-9011.01,2.76
39-9031.00,4.1426
39-9032.00,4.7645
39-9041.00,4.955
41-1011.00,2.6519999999999997
41-1012.00,5.193600000000001
41-2011.00,1.9017000000000002
41-2012.00,2.0591
41-2021.00,3.3548
41-2022.00,3.3786378637863788
41-2031.00,2.3094690530946904
41-3011.00,4.462146214621462
41-3021.00,4.7291
41-3031.00,4.90258051610322
41-3041.00,3.9288071192880705
41-4011.00,4.433256674332567
41-4011.07,4.975904819036193
41-4012.00,3.757824217578243
41-9011.00,1.6890689068906888
41-9012.00,2.0305000000000004
41-9021.00,5.2126
41-9022.00,2.9521952195219523
41-9031.00,6.268273172682733
41-9041.00,2.6527000000000003
41-9091.00,1.4347999999999999
43-1011.00,4.584
43-2011.00,2.2554
43-2021.00,2.0627
43-3011.00,3.3798000000000004
43-3021.00,3.5515
43-3031.00,3.3738
43-3041.00,2.3173999999999997
43-3051.00,4.3984000000000005
43-3061.00,3.7125
43-3071.00,2.6844
43-4011.00,4.3088999999999995
43-4021.00,3.6546999999999996
43-4031.00,3.4577999999999998
43-4051.00,3.325967403259674
43-4061.00,4.494249424942494
43-4071.00,3.9468999999999994
43-4081.00,2.5990400959904014
43-4111.00,3.3435656434356567
43-4121.00,2.85028502850285
43-4131.00,3.8539146085391467
43-4141.00,3.0408
43-4151.00,2.7388999999999997
43-4161.00,4.502149785021498
43-4171.00,2.8289999999999997
43-4181.00,2.244975502449755
43-5011.00,4.3187999999999995
43-5011.01,5.1039
43-5021.00,2.4525
43-5031.00,2.824099999999999
43-5032.00,3.0502050205020503
43-5041.00,2.7088
43-5051.00,2.348
43-5052.00,1.9986999999999997
43-5053.00,1.998000199980002
43-5061.00,2.718828117188281
43-5071.00,2.831316868313168
43-5111.00,2.3804999999999996
43-6011.00,4.489000000000001
43-6012.00,4.132
43-6013.00,2.948294829482948
43-6014.00,3.38013801380138
43-9021.00,2.9377999999999997
43-9022.00,2.9787999999999997
43-9031.00,3.9508000000000005
43-9041.00,3.155615561556155
43-9051.00,1.7311999999999999
43-9061.00,3.4468999999999994
43-9071.00,2.9618
43-9081.00,4.891489148914891
43-9111.00,6.165616561656166
45-1011.00,3.7197999999999998
45-2011.00,3.102899999999999
45-2021.00,2.3153
45-2041.00,1.5543
45-2091.00,1.771077107710771
45-2092.00,3.00979902009799
45-2093.00,2.9699
45-3031.00,2.1
45-4011.00,4.2844999999999995
45-4021.00,1.4418
45-4022.00,1.4546999999999999
45-4023.00,2.2897000000000007
47-1011.00,2.9837983798379843
47-1011.03,2.573357335733574
47-2011.00,2.6393360663933607
47-2021.00,2.2141214121412145
47-2022.00,1.5792000000000002
47-2031.00,2.2055000000000002
47-2041.00,1.9328
47-2042.00,1.993899389938994
47-2043.00,1.745
47-2044.00,1.8899000000000001
47-2051.00,1.628062806280628
47-2053.00,2.080791920807919
47-2061.00,2.0921999999999996
47-2071.00,1.7960000000000003
47-2072.00,2.1811818818118187
47-2073.00,2.3183999999999996
47-2081.00,2.1601
47-2082.00,1.9628999999999999
47-2111.00,2.7986201379862017
47-2121.00,1.9239076092390759
47-2131.00,1.7305
47-2132.00,2.1327867213278675
47-2141.00,2.3536000000000006
47-2142.00,2.1626999999999996
47-2151.00,1.3632000000000002
47-2152.00,2.725927407259274
47-2152.04,3.6403
47-2161.00,1.3893
47-2171.00,1.9302
47-2181.00,2.5864172834566914
47-2211.00,2.366063393660634
47-2221.00,2.106989301069893
47-2231.00,2.9843015698430153
47-3011.00,2.3722
47-3012.00,2.1367000000000003
47-3013.00,2.1719
47-3014.00,1.4062000000000001
47-3015.00,2.9773977397739775
47-3016.00,3.4323432343234326
47-4011.00,3.44
47-4011.01,3.3794
47-4021.00,2.6310000000000002
47-4031.00,2.1575157515751577
47-4041.00,2.8186818681868187
47-4051.00,2.1143
47-4061.00,1.9022
47-4071.00,1.8572857285728572
47-4091.00,2.3238000000000003
47-4099.03,2.4783
47-5011.00,1.471947194719472
47-5012.00,2.5791579157915794
47-5013.00,1.63
47-5022.00,1.8254000000000001
47-5023.00,1.9707970797079706
47-5032.00,2.4583
47-5041.00,2.1594
47-5043.00,1.8670999999999998
47-5044.00,1.7009
47-5051.00,3.023
47-5071.00,1.3701
47-5081.00,2.068393160683932
49-1011.00,3.0216978302169784
49-2011.00,3.4639536046395363
49-2021.00,3.3955395539553956
49-2022.00,3.351764823517648
49-2091.00,3.3662
49-2092.00,3.131686831316868
49-2093.00,3.4833000000000003
49-2094.00,3.694
49-2095.00,3.6600000000000006
49-2096.00,2.6018
49-2097.00,3.093890610938906
49-2098.00,2.7020000000000004
49-3011.00,3.3010999999999995
49-3021.00,2.113011301130113
49-3022.00,1.9224922492249226
49-3023.00,2.6592000000000002
49-3031.00,2.843884388438844
49-3041.00,2.6333999999999995
49-3042.00,2.835016498350165
49-3043.00,2.405040504050405
49-3051.00,2.8377
49-3052.00,3.1947
49-3053.00,2.5478
49-3091.00,1.8607999999999996
49-3092.00,1.7741999999999998
49-3093.00,2.262573742625737
49-9011.00,1.9479
49-9012.00,2.7382999999999997
49-9021.00,2.6621000000000006
49-9031.00,2.21957804219578
49-9041.00,2.883111688831117
49-9043.00,2.748125187481252
49-9044.00,2.6364
49-9045.00,2.3063
49-9051.00,2.4316
49-9052.00,2.2836
49-9061.00,2.89048904890489
49-9062.00,3.565956595659565
49-9063.00,2.9547045295470458
49-9064.00,3.3232323232323235
49-9071.00,2.9211842368473686
49-9081.00,3.2317768223177685
49-9091.00,2.1001000000000003
49-9092.00,3.3380338033803376
49-9094.00,2.6927
49-9095.00,1.4201000000000001
49-9096.00,1.9480999999999997
49-9097.00,2.2066999999999997
49-9098.00,3.3129625925185042
49-9099.01,2.4954
51-1011.00,3.2121000000000004
51-2011.00,3.0625
51-2021.00,2.4013401340134015
51-2022.00,2.0604
51-2023.00,3.0687000000000006
51-2031.00,2.5436999999999994
51-2041.00,1.9188999999999998
51-2051.00,1.82018201820182
51-2061.00,2.3419
51-2092.00,2.3968603139686033
51-3011.00,2.0203
51-3021.00,1.9662000000000004
51-3022.00,1.4926000000000001
51-3023.00,1.9250999999999998
51-3091.00,2.045
51-3092.00,2.6108610861086112
51-3093.00,2.1399
51-4021.00,2.1163
51-4022.00,1.8229999999999997
51-4023.00,2.1050999999999997
51-4031.00,2.3571
51-4032.00,2.8137
51-4033.00,2.212578742125787
51-4034.00,3.290829082908291
51-4035.00,2.9891989198919893
51-4041.00,2.5416999999999996
51-4051.00,1.6414
51-4052.00,1.7995999999999999
51-4061.00,2.893800000000001
51-4062.00,2.946794679467947
51-4071.00,1.6437
51-4072.00,1.8396
51-4081.00,2.2961
51-4111.00,2.6078999999999994
51-4121.00,2.2238223822382235
51-4122.00,2.3481
51-4191.00,1.9059
51-4192.00,2.6275372462753723
51-4193.00,1.6575999999999997
51-4194.00,2.4059594040595944
51-5111.00,3.3901390139013903
51-5112.00,2.3054
51-5113.00,2.100989901009899
51-6011.00,1.354
51-6021.00,2.7132
51-6031.00,1.6269626962696269
51-6041.00,1.5638999999999998
51-6042.00,1.8508999999999998
51-6051.00,1.3657
51-6052.00,2.3698
51-6061.00,1.8851114888511145
51-6062.00,1.6769
51-6063.00,1.9468
51-6064.00,1.4616
51-6091.00,1.8704999999999998
51-6092.00,3.512851285128513
51-6093.00,1.5618
51-7011.00,2.1526
51-7021.00,1.6771
51-7031.00,2.6659
51-7032.00,2.5694999999999997
51-7041.00,2.0675
51-7042.00,1.9076000000000002
51-8011.00,3.273527352735273
51-8012.00,3.5191
51-8013.00,3.0121
51-8013.03,2.9071
51-8013.04,4.0830916908309165
51-8021.00,2.8777000000000004
51-8031.00,2.6667
51-8091.00,3.513900000000001
51-8092.00,2.6258
51-8093.00,2.0427
51-8099.01,2.3971
51-9011.00,3.0056000000000003
51-9012.00,2.0478000000000005
51-9021.00,2.1715999999999998
51-9022.00,2.2108999999999996
51-9023.00,2.2295999999999996
51-9031.00,1.5399
51-9032.00,1.7079707970797078
51-9041.00,2.5608
51-9051.00,2.1256
51-9061.00,2.3415000000000004
51-9071.00,3.777522247775222
51-9071.06,2.8327999999999998
51-9081.00,2.6702000000000004
51-9082.00,4.316431643164316
51-9083.00,3.0110011001100108
51-9111.00,1.9021000000000003
51-9123.00,1.7778000000000003
51-9124.00,1.8761
51-9141.00,1.9986
51-9151.00,2.401159884011599
51-9161.00,2.8538
51-9162.00,3.2109000000000005
51-9191.00,2.073907390739074
51-9192.00,1.8850114988501148
51-9193.00,1.9029000000000003
51-9194.00,2.0625062506250624
51-9195.03,2.102
51-9195.04,1.825317468253175
51-9195.05,3.4117
51-9196.00,2.00969903009699
51-9197.00,1.8606
51-9198.00,1.8705000000000003
53-1041.00,2.7568
53-1042.00,3.2945294529452944
53-1042.01,3.8894110588941104
53-1043.00,4.0173000000000005
53-2011.00,4.629037096290371
53-2012.00,2.6689999999999996
53-2021.00,3.626762676267626
53-2022.00,4.346699999999999
53-2031.00,2.7552999999999996
53-3011.00,2.6483648364836485
53-3031.00,1.6489999999999998
53-3032.00,1.950895089508951
53-3033.00,1.7946
53-3051.00,1.6616999999999997
53-3052.00,1.916291629162916
53-3053.00,2.3606
53-4011.00,2.34
53-4013.00,2.0924
53-4031.00,2.2638
53-4041.00,2.1806
53-5011.00,2.0727
53-5021.00,2.8945000000000003
53-5022.00,2.4962999999999997
53-5031.00,3.1974
53-6011.00,2.05
53-6021.00,1.6555
53-6031.00,2.1121
53-6041.00,3.4014401440144013
53-6051.01,3.6345000000000005
53-6051.07,2.3887
53-6061.00,1.8625137486251377
53-7011.00,1.407
53-7021.00,2.5279000000000003
53-7031.00,2.0994
53-7041.00,2.1391000000000004
53-7051.00,1.8556
53-7061.00,2.1839183918391836
53-7062.00,1.906
53-7062.04,3.1531999999999996
53-7063.00,1.9016
53-7064.00,1.9487999999999996
53-7065.00,2.6568
53-7071.00,2.7424000000000004
53-7072.00,3.0976097609760975
53-7073.00,2.3178
53-7081.00,2.3771
53-7121.00,2.007400740074007
