code,dL,strip_adj,cong_adj,reinst_adj,total_adj
11-1011.00,-0.0006300197764566636,-1.0152506034513191,0.16727988324249354,0.08770804865426651,-0.7602626715545591
11-1011.03,-0.0010214261358840251,-2.614789877701334,0.6776196574485986,0.1316432324791379,-1.805526987773597
11-1021.00,0.00208416131689005,-0.7084053795621343,-0.033569532689167625,0.12448220818736577,-0.6174927040639362
11-2011.00,-1.2576183017691235e-05,-0.5712909230376599,0.06665759409452443,0.05399781184245356,-0.45063551710068195
11-2021.00,-0.0010214038184002934,-1.5037970172206379,0.22490260698841658,0.11609049234162727,-1.162803917890594
11-2022.00,0.0002397354096735746,-0.4705607434388184,0.011530205965455398,0.0733510182670547,-0.3856795192063083
11-2033.00,-4.262458240696245e-05,-0.7107391656443731,0.0677201174748232,0.04812478984124624,-0.5948942583283037
11-3012.00,-0.00012103087309355085,-0.6203356825098503,0.02453573182401536,0.051051792925783435,-0.5447481577600515
11-3013.00,-7.470228129777831e-05,-0.6506000009584221,-0.01974781216661814,0.059810651804008685,-0.6105371613210315
11-3013.01,-0.0005670866058458267,-1.799188974478151,0.35223617450334155,0.06494615960908678,-1.3820066403657227
11-3021.00,-0.001406066019865343,-1.3136494473404032,0.20103452375859288,0.09627097465204448,-1.0163439489297659
11-3031.00,-0.0007821779377625076,-0.9092249591918271,0.06361030996888872,0.08371074695282443,-0.761903902270114
11-3031.01,-0.000329195586053912,-0.6705856772716685,0.06485010214578724,0.08546198566491814,-0.5202735894609631
11-3031.03,-0.002236802577974743,-1.6694136716608832,0.2413339947132378,0.10304084151847093,-1.3250388354291744
11-3051.00,-0.0002875028168184146,-0.818102127698348,0.16959120403762906,0.07250009741430175,-0.5760108262464172
11-3051.01,-0.0008746081039961547,-1.169781610472504,0.4537317801367564,0.04472347863709114,-0.6713263516986565
11-3051.02,-0.00039765929183502703,-0.5916978202499128,0.18208503465862913,0.0412423247878162,-0.36837046080346747
11-3051.03,-0.00028120156554085863,-0.4755263683125639,0.13531336054001963,0.03198777239041872,-0.30822523538212554
11-3051.04,-0.00020958256423981897,-0.39790142974183285,0.09625327683586571,0.035883714724501026,-0.2657644381814661
11-3051.06,-0.0003967017905473862,-0.5827976208903163,0.11383631703752384,0.048297676716840154,-0.4206636271359523
11-3061.00,-5.928101032649216e-05,-0.5463997748998355,0.0803922320604662,0.043397819416629346,-0.42260972342273995
11-3071.04,-0.0005776631665262897,-1.1141543003153376,0.25693204871737585,0.04735471734811947,-0.8098675342498423
11-3111.00,-3.885624998194638e-05,-0.9991491178665766,0.12536575169988673,0.061962401005123624,-0.8118209651615662
11-3121.00,-0.00026177414666363153,-0.7945346292537576,0.06645090066119774,0.079585724239156,-0.6484980043534039
11-3131.00,-0.00014659375860574762,-1.1512979411569217,0.2538957956753327,0.055850255737066146,-0.8415518897445229
11-9021.00,-0.0010472265132674924,-1.245907749479049,0.3059100259588998,0.07133057714541957,-0.8686671463747295
11-9031.00,-0.0001377044324808499,-0.5382339990399418,0.15083869438467623,0.023523816258763208,-0.3638714883965024
11-9032.00,-0.00035257851179247264,-0.48674538595376315,0.0805256296495882,0.05572118648079183,-0.3504985698233831
11-9033.00,9.347847236724474e-05,-0.2296897624926908,-0.0035655869908408633,0.04498994084756447,-0.1882654086359672
11-9041.00,-0.0009070203059885208,-1.7007997640430887,0.5744903696929065,0.06172336141384349,-1.0645860329363388
11-9041.01,-0.0008593052899179452,-1.4256815698085892,0.49059443740835906,0.045671514160803284,-0.8894156182394268
11-9051.00,-5.6706778070009364e-05,-0.4609514747479895,0.007668838768752018,0.03946136366280317,-0.4138212723164343
11-9071.00,4.536171127272013e-06,-0.2039932287899786,-0.009498188595367107,0.03303939623065455,-0.18045202115469117
11-9072.00,2.9693503685089285e-05,-0.09711794273074137,-0.06631752787052081,0.024545747888405245,-0.13888972271285693
11-9081.00,3.8774713566792424e-05,-0.09776573791097976,-0.045227906251433136,0.01997403844430634,-0.12301960571810655
11-9111.00,-0.0009299057217853693,-0.9655683097137628,0.13352632759221317,0.0927169136680086,-0.7393250684535411
11-9121.00,-0.0004938291283925888,-2.1914095028623386,0.8067342435168905,0.10135810727895489,-1.283317152066493
11-9121.01,-0.0004732835364833166,-1.6996536257115613,0.5738578513047963,0.03625084689549052,-1.0895449275112745
11-9121.02,-0.00047338090389528243,-1.9537238464553672,0.7190378859875719,0.05082250310236658,-1.1838634573654288
11-9131.00,2.360145872811095e-05,-0.05794611214377099,-0.016445996504687255,0.021542947543394142,-0.0528491611050641
11-9141.00,-0.00011042869665906277,-0.6228096470607483,0.0585992580122312,0.048464282036048356,-0.5157461070124687
11-9151.00,-0.00042609742931433144,-0.8233308723517427,0.20724812594866426,0.04996677513849335,-0.5661159712645851
11-9161.00,-4.57709093734245e-05,-1.623368016783759,0.38021800338646994,0.1053765771473576,-1.1377734362499314
11-9171.00,-1.2589318182446425e-06,-0.2642102614120967,-0.05507006343361187,0.0273098038601165,-0.29197052098559206
11-9179.01,-2.667850628809865e-05,-0.8385988314774728,0.1080550405473133,0.036876118545132286,-0.6936676723850272
11-9179.02,2.235862352491981e-06,-0.21953911246351376,-0.016571092441887814,0.02363701014153774,-0.21247319476386384
11-9199.01,-0.00226545863617682,-2.3438812098903203,0.41273654704822604,0.1330521251102872,-1.798092537731807
11-9199.02,-0.0020460796192193387,-1.8773648467810948,0.34688175465230864,0.0823267088095978,-1.4481563833191884
11-9199.08,-0.00119780507996417,-1.208760413446312,0.1703374690763837,0.07807342819905472,-0.9603495161708735
11-9199.09,0.000234147838821848,-0.5242242021321757,-0.0024245769483681734,0.08984105402348863,-0.43680772505705523
11-9199.10,-0.001411946228391669,-1.3083146940727481,0.25344801263834404,0.07824928754139471,-0.9766173938930094
11-9199.11,-0.0023204817574893673,-1.7753163515809651,0.5415288283804409,0.08168817851858012,-1.152099344681944
13-1011.00,7.539437195447444e-06,-0.2930451514095993,0.048298752936831946,0.02988850595255199,-0.21485789252021537
13-1031.00,-0.0008252997079476337,-1.32556000631866,0.23165072037694867,0.05249264796023878,-1.0414166379814724
13-1032.00,3.5134392237710335e-06,-0.16420001137443618,-0.013489754840714685,0.01718791842462064,-0.16050184779053023
13-1041.01,-0.0011326996249743128,-1.571889505811357,0.31070732082869057,0.081644026292365,-1.1795381586903013
13-1041.03,-0.0009079708597492845,-1.369746378667054,0.1728331216364578,0.08116620433825572,-1.1157470526923405
13-1041.04,-0.00092362725494682,-1.2428816502137199,0.2604667027271823,0.059367082141607685,-0.9230478653449299
13-1041.06,-0.0003686635410510887,-0.6500187623852018,0.08013967649192644,0.039065647033714956,-0.5308134388595604
13-1041.07,-0.001531679908272703,-2.295804263040462,0.404545680834838,0.12043505573735969,-1.770823526468264
13-1041.08,0.00041525236376779937,-0.21593027026532052,-0.05736467026375047,0.0448484094593149,-0.2284465310697561
13-1051.00,-0.0006054224771422693,-1.2788128021568936,0.25495726806760466,0.05248606961098323,-0.9713694644783057
13-1071.00,-0.0005456886875738632,-0.7785249282876334,0.058809199215764885,0.059070933832945816,-0.6606447952389227
13-1074.00,6.230369496840074e-07,-0.07684991306028399,-0.1058688791613811,0.03562549521697056,-0.14709329700469453
13-1075.00,-0.00014981831919645542,-1.1447189433193845,0.1356929574856287,0.06061939599942523,-0.9484065898343306
13-1081.00,-0.0005752128002146067,-1.2039955343725892,0.1706477943044602,0.0736018727101766,-0.9597458673579524
13-1081.01,-0.0007586039571072724,-1.2113116227697693,0.35247070992553775,0.06296816517903636,-0.7958727476651952
13-1081.02,-0.0004869144204358017,-0.9035055740715712,0.15078923602592242,0.042524790208673835,-0.7101915478369749
13-1111.00,-0.0022251115008785592,-1.9178492341979878,0.3113267413048495,0.15826764681639505,-1.4482548460767433
13-1121.00,-9.375763343166734e-05,-0.6188285636472743,0.0174940011629654,0.048781649000008365,-0.5525529134843006
13-1131.00,-6.984933627674189e-05,-0.5539832860335467,0.06295742313043595,0.042125603706148596,-0.4489002591969622
13-1141.00,-0.00025339433641158966,-1.2446373350051658,0.17236589139386727,0.062908829337188,-1.0093626142741106
13-1151.00,-0.0004903226734727876,-0.8701461662009597,0.11665651553739798,0.07503535341125067,-0.6784542972523111
13-1161.00,-0.0023196974950778337,-2.0826475549631147,0.2624565045704078,0.16309868287765372,-1.657092367515053
13-1161.01,-0.0018717647809823297,-1.4083963491212745,0.16615771232586884,0.09173324101452685,-1.1505053957808788
13-1199.04,-0.0033841469386331874,-2.218636505560201,0.3484322347244284,0.20287167528354555,-1.6673325955522271
13-1199.05,-0.003836875456992608,-2.5767616080745555,0.428199507014859,0.15797540048512348,-1.990586700574573
13-1199.06,0.00078081000630677,-0.377737284833767,-0.03663778674868512,0.056381942740441726,-0.3579931288420104
13-1199.07,-0.0028017803742092073,-1.4716588924666627,0.2630449176323406,0.10313520582906066,-1.1054787690052614
13-2031.00,-0.0001512759459169738,-1.4167821489845338,0.21988774855418147,0.05383892882872798,-1.1430554716016244
13-2041.00,-0.0002594600350687516,-1.5861427431626218,0.20765618190969715,0.05303435518789845,-1.3254522060650262
13-2052.00,-0.0006019929887509958,-0.9924087813885452,0.10890432147795481,0.05366288749495052,-0.8298415724156398
13-2053.00,-0.00035630748979522986,-1.8011650258357217,0.30420163239385345,0.059046398221550334,-1.437916995220318
13-2061.00,-0.00027444056993409605,-2.1590867460909764,0.4587274220750297,0.08710095292431985,-1.6132583710916268
13-2071.00,5.4498160288011805e-06,-0.3308583880922362,0.08066944699833556,0.023691817368840073,-0.2264971237250606
13-2072.00,-0.00023414457167263668,-0.7508192033968264,0.04548191450736905,0.05362665070712014,-0.6517106381823372
13-2081.00,-4.6725967507306676e-05,-0.6680849919128042,0.06124209324143193,0.037905601483107176,-0.5689372971882651
13-2082.00,6.039183510578956e-05,-0.25279518715352234,-0.015135091018306124,0.02914271160186832,-0.23878756656996014
13-2099.01,-0.0005623509428623089,-2.1297021272528913,0.594566555675375,0.06885252579081502,-1.4662830457867013
13-2099.04,-0.0004532640795953377,-1.8368048122694078,0.29843272182483704,0.06915567265830735,-1.4692164177862634
15-1211.00,-0.001331838883551797,-1.3778858557680969,0.28816797611231504,0.09396573061477875,-0.9957521490410031
15-1211.01,-0.0018650680947758366,-1.8008020791348405,0.4745097368805582,0.10308848037500162,-1.2232038618792807
15-1212.00,-0.00044198474907337817,-1.5260226727759274,0.3009167294127699,0.07769780392704506,-1.1474081394361124
15-1221.00,-0.00011802398982351856,-1.3374758149659423,0.2190250308151902,0.10622089925877987,-1.0122298848919722
15-1231.00,-0.00023863462158799597,-0.5282703803739603,0.11625781423244419,0.02580534926507072,-0.38620721687644544
15-1232.00,-0.0006207875273879092,-0.8104220996582421,0.07823491106017366,0.06658767541883792,-0.6655995131792305
15-1241.00,-0.0005894143570936243,-1.1530456966869855,0.3692594665872213,0.04581231183870793,-0.7379739182610563
15-1241.01,-0.00038271474406307443,-0.7986032915456702,0.22504003796260097,0.03520777833230815,-0.5383554752507611
15-1242.00,-0.0002674416332177815,-1.3156110799530993,0.3102237925700315,0.04964182033967779,-0.95574546704339
15-1243.00,-0.00020081965589655915,-1.3660323901245706,0.3438973023263512,0.05152042434737947,-0.9706146634508399
15-1243.01,-0.0001866651493803073,-1.1106286058391515,0.3176184368263457,0.03469128995098725,-0.7583188790618185
15-1244.00,-0.0004771098553667029,-0.8050804595275332,0.14158497304201623,0.05579259315245988,-0.607702893333057
15-1251.00,-0.00024691005299135656,-1.0024250787484732,0.20812936071435129,0.048307080354583753,-0.7459886376795382
15-1252.00,-0.003781740436701002,-1.593242883481716,0.2126961048330993,0.14051341596314937,-1.2400333626854674
15-1253.00,-0.0008308055578277729,-1.5864531476751358,0.45115195928695595,0.04779538232118785,-1.087505806066992
15-1254.00,-0.0002980025831620242,-1.330991974625304,0.2966524660296499,0.04568022666933347,-0.9886592819263207
15-1255.01,-0.0004031990050118974,-1.784772748929139,0.3619740587797251,0.07511736369075006,-1.3476813264586638
15-1299.01,-0.001538528148934314,-1.5393943594774515,0.3603941551934402,0.057357941956099,-1.1216422623279123
15-1299.03,-0.0013198211718730686,-1.6722948277404837,0.21757332796782158,0.076993281433829,-1.377728218338833
15-1299.05,-0.001764022983739106,-2.2038771703749322,0.44714873924586573,0.11205382213019455,-1.6446746089988717
15-1299.08,-0.0016846796272631448,-1.4163828353036831,0.460687333325406,0.059830346030783854,-0.8958651559474933
15-1299.09,-0.0013262460278810084,-1.8954197639803712,0.19433821332360668,0.1798722035154927,-1.5212093471412718
15-2011.00,-8.439498651024884e-05,-1.7447264326763026,0.2169027058192725,0.14176210884472762,-1.3860616180123024
15-2021.00,-1.0117447926133843e-05,-1.3680894878624694,0.3139910888380286,0.037334841206622116,-1.0167635578178187
15-2031.00,-0.0005296659801394246,-1.8799510164057072,0.40346889392003593,0.06802510977203458,-1.4084570127136367
15-2041.00,-0.00015225200695886498,-1.9337112992432823,0.8091479554535352,0.029692459591494025,-1.094870884198253
15-2041.01,-0.0001598874970754608,-2.362781832861751,1.086351918288794,0.055774694359185695,-1.2206552202137715
15-2051.01,-0.0006968671811260424,-2.013798012402837,0.29114911648739006,0.09411784481834906,-1.6285310510970978
15-2051.02,-0.0005659944914376829,-1.5382568595862585,0.29878375556293,0.08240824578980321,-1.1570648582335252
15-2099.01,-2.205276446733645e-05,-1.5436077564301942,0.7491770834934037,0.01202324339205818,-0.7824074295447323
17-1011.00,-0.00040803574858376383,-1.1882223299358743,0.3210019287747854,0.05352113067214104,-0.8136992704889479
17-1012.00,-8.50113539542484e-05,-1.7268336145907537,0.39321668536813514,0.06608062772001011,-1.2675363015026084
17-1021.00,-3.520621897728035e-05,-0.8742705188876805,0.2290100203350729,0.02128354259274179,-0.6239769559598658
17-1022.00,-0.00014585457422611311,-0.8320330237637084,0.2507619049026193,0.028165570015620922,-0.5531055488454681
17-1022.01,-0.00020766485953399816,-0.9946358609445083,0.4833235331446182,0.02147961722525782,-0.4898327105746323
17-2011.00,-0.0002749405444516589,-0.9207405120395586,0.6034644862660183,0.021367815338149576,-0.29590821043539073
17-2021.00,-8.064664649876961e-06,-0.40746025240299577,-0.05506734864702434,0.012918993528606926,-0.4496086075214132
17-2031.00,-9.735470854517542e-05,-1.6584181474078115,0.6962668743469851,0.054554340038960536,-0.9075969330218658
17-2041.00,-7.94559878911781e-05,-0.43450008783681593,0.39254840190088824,0.013118978355006305,-0.02883270758092138
17-2051.00,-0.0009528827024427829,-1.0431039583708466,0.2999194300405672,0.0688464326997269,-0.6743380956305525
17-2051.01,-0.001072821967113544,-1.0888376464749308,0.3855137555118411,0.0483811419219613,-0.6549427490411284
17-2051.02,-0.0012712972059405578,-1.3250455078030519,0.4291525867145598,0.06852778051778108,-0.827365140570711
17-2061.00,-0.00022384601264676296,-0.7250627782156629,0.15407651339827577,0.04021259031390034,-0.5307736745034868
17-2071.00,-0.0004819173847961485,-0.7666638100455065,0.25668340387687305,0.03695551289915988,-0.4730248932694736
17-2072.00,-0.0003217228612535776,-0.7740777754224237,0.30594476541519855,0.03345398036996672,-0.43467902963725846
17-2072.01,-0.00032273075177379905,-1.0384566833597266,0.3055158598433816,0.04096244163942986,-0.6919783818769152
17-2081.00,-0.0002047140470335309,-1.7028641608131831,0.6890329191199958,0.033527690165331414,-0.980303551527856
17-2111.02,-0.0001040055985669811,-1.791913021907749,0.6287948447908849,0.057548042579837144,-1.105570134537027
17-2112.00,-0.0006673712203787894,-0.6835349433799567,0.19985506875590886,0.03124702175167604,-0.4524328528723718
17-2112.01,-0.0014139424825176214,-1.474970330075358,0.5190540613139354,0.05539715071314388,-0.9005191180482788
17-2112.02,-0.0012262969513886872,-1.067843587337137,0.4711769792646976,0.027759978113966355,-0.5689066299584731
17-2112.03,-0.0005487579834181279,-0.5322357445693635,0.16196432527787952,0.03880430115521394,-0.33146711813627006
17-2121.00,-3.637216073341804e-05,-0.5410413068177888,0.2303550132265091,0.015398787226173383,-0.29528750636510637
17-2131.00,-9.889320556628867e-05,-0.9707326127090896,0.38225465237784206,0.03249840051851427,-0.5559795598127333
17-2141.00,-0.0006291491123666393,-0.49028413644419544,0.23495863931930883,0.027456711806909784,-0.22786878531797683
17-2141.01,-0.000853378380182202,-0.8259734439832895,0.33619932455091117,0.0406251122925827,-0.44914900713979566
17-2141.02,-0.0009016105888523367,-1.007257422856152,0.40646223196013276,0.04709343008688016,-0.553701760809139
17-2151.00,-2.8451262630369528e-05,-0.9977221991324621,0.3428218907200393,0.04350229403259842,-0.6113980143798243
17-2161.00,-6.858682712702326e-05,-1.4570125621198837,0.8700023362761673,0.021317056034123816,-0.5656931698095926
17-2171.00,-8.640789425290373e-05,-0.5962222279481448,0.47582113224630973,0.012277706751110173,-0.10812338895072493
17-2199.03,-0.0006018229127532407,-1.260051933327457,0.41976875772676703,0.04395894064024475,-0.7963242349604451
17-2199.05,-0.0002763722996859359,-0.4396964370907188,0.1872080728224228,0.023966309650106155,-0.22852205461818986
17-2199.06,-0.0005030505000333391,-0.7251388233116693,0.3380831255036063,0.028505253094031957,-0.3585504447140311
17-2199.07,-0.0005626650509816897,-1.0520320606582243,0.38626223671565185,0.044601868523935995,-0.6211679554186365
17-2199.08,-0.00010460494326383217,-0.388737791336248,0.09529141643461614,0.032795916568943984,-0.26065045833268785
17-2199.09,-0.000567511464385858,-1.2164463278203583,0.3165361534102198,0.075375159104345,-0.8245350153057935
17-2199.10,-0.0002574658147101121,-0.41163085985728687,0.18116727669319177,0.019614289976965793,-0.2108492931871293
17-2199.11,-0.0005483836201930996,-1.0714657439367552,0.40973829356533553,0.036571451770263774,-0.6251559986011559
17-3012.00,-2.645513722301522e-05,-0.3245239815680159,0.086218810410708,0.014553094221124496,-0.22375207693618338
17-3013.00,-3.170213244258217e-05,-0.23522641418748957,0.030135915494653442,0.014989026554118379,-0.19010147213871775
17-3021.00,-2.4237801831544994e-05,-0.16495797491374464,0.11999048555817549,0.009586365840023703,-0.035381123515545454
17-3022.00,-0.00020905630526778522,-0.7870696338750252,0.26368591144046283,0.01607152285308855,-0.5073121995814738
17-3024.00,-2.0808543835192043e-05,-0.14205319005725858,0.015767846203112335,0.008932058184643488,-0.11735328566950276
17-3024.01,1.444848296184068e-05,-0.08186413643530432,0.003534507857101854,0.017142882155444017,-0.06118674642275845
17-3025.00,-6.136673882599979e-05,-1.026845359417241,0.47119367933194933,0.02321885654281841,-0.5324328235424733
17-3026.00,-4.721818592797058e-05,-0.3145835523631231,0.10039067894389753,0.02636042170412667,-0.18783245171509888
17-3026.01,-0.00018553399601935457,-0.5381693641986063,0.16757835259716725,0.024711688247002428,-0.3458793233544366
17-3027.00,-0.00014548123078118337,-0.3711973729772815,0.3081981581272579,0.010677826451217953,-0.052321388398805624
17-3027.01,-0.00011863005728032342,-0.38910894779394223,0.24897445468483959,0.010971396575929049,-0.1291630965331736
17-3029.01,-9.502362395087156e-05,-0.345098332051315,0.14161766262019393,0.014522731501825259,-0.18895793792929583
17-3029.08,-3.8224128745606195e-05,-0.16953311742524635,0.022209696263023826,0.01558746055739757,-0.13173596060482495
19-1011.00,-1.0692230795912782e-05,-2.081397955643686,0.4111727768460487,0.0967572905045393,-1.5734678882930981
19-1012.00,-5.7594185255345736e-05,-1.5252149936434218,0.5119534935988934,0.04498026110329123,-0.9682812389412372
19-1013.00,-7.813377577974297e-05,-1.90532653889302,0.7201804825073537,0.05513385401818649,-1.13001220236748
19-1021.00,-0.0001655967634038337,-1.3647391714313115,0.4317756237048367,0.04883677974225664,-0.8841267679842182
19-1022.00,-9.105434969419503e-05,-1.3925052858922569,0.5296549623861235,0.04377736153025813,-0.8190729619758752
19-1023.00,-8.913200015727559e-05,-1.7493451382218983,0.8275808546446273,0.022306165197015115,-0.8994581183802559
19-1029.01,-0.00028582301801758877,-2.304760831576403,0.4699273911652937,0.12301056173731029,-1.7118228786737992
19-1029.02,-0.0002633438453416485,-1.5670151143922304,0.3036152990744365,0.10572290115276717,-1.1576769141650267
19-1029.03,-0.00024817399410291053,-1.8615952170413712,0.25767670640087736,0.1069796655905455,-1.4969388450499483
19-1029.04,-0.00027726696438478164,-2.0091296113277703,0.5477612685741378,0.08488834088383612,-1.3764800018697967
19-1031.00,-0.00011444448042426586,-1.9336874708339047,0.6478009418381276,0.02824307245745672,-1.2576434565383203
19-1031.02,-9.347631894252246e-05,-1.5452870800854113,0.21259358711995313,0.05972257223867716,-1.272970920726781
19-1031.03,-2.4049262572579076e-05,-0.6016629477853552,0.07072342649663588,0.033772679648945036,-0.4971668416397743
19-1032.00,-3.40879298325807e-05,-0.8953845157026437,0.12342753910203585,0.03687674258158413,-0.7350802340190237
19-1041.00,-5.620118487912442e-05,-1.9735211496003129,1.4097930449585134,0.01631160607846649,-0.547416498563333
19-1042.00,-0.0005559683561917732,-1.6313273199802825,0.4322131092624999,0.08441103705792186,-1.1147031736598607
19-2011.00,-6.95360107128631e-06,-1.5073014773554194,0.22311493744611188,0.10555313626807195,-1.1786334036412356
19-2012.00,-9.426684995291237e-05,-1.4929425791698767,0.632211493104629,0.051476400135868516,-0.8092546859293792
19-2021.00,-4.529749108079792e-05,-1.5553600948875057,0.7001849137318619,0.02101907811116943,-0.8341561030444744
19-2031.00,-0.0002828334128728869,-0.8202627568512537,0.43200434483267447,0.023486011568637277,-0.36477240044994197
19-2032.00,-3.86286963105299e-05,-0.5506355492682493,0.3645224433513601,0.009055583093511288,-0.17705752282337794
19-2041.00,-0.000440723238321919,-2.2860463904199806,1.6820694844621173,0.01991764407303087,-0.5840592618848324
19-2041.01,-0.00040944721289465266,-2.4580170994043202,0.626152382704533,0.07109150443511592,-1.760773212264671
19-2041.02,-0.0004013748170056553,-2.1743160907172374,0.7312339529528225,0.06506555562412997,-1.378016582140285
19-2041.03,-0.00043790334506173197,-1.8804895111375943,1.3508672626693388,0.01604083872832973,-0.5135814097399258
19-2042.00,-0.00012497548547465024,-1.4833525843778324,0.5649779949579394,0.02150359389932799,-0.8968709955205649
19-2043.00,-3.069330276205651e-05,-1.757086996337656,0.7210777991067077,0.041692188704560706,-0.9943170085263877
19-2099.01,-8.462210406456343e-05,-1.304983601390553,0.3900271531155961,0.043540334247855306,-0.8714161140271015
19-3011.00,-8.342869958843341e-05,-2.2637921489795074,0.6739761487459888,0.05149411214070909,-1.5383218880928098
19-3011.01,-9.012658863475644e-05,-2.5699341040882633,1.5511321075309898,0.018302706474332187,-1.0004992900829413
19-3022.00,-4.023988902894111e-05,-2.117443149040459,0.7470207722754312,0.04398710686386664,-1.326435269901161
19-3032.00,-4.29491202117452e-06,-1.6524691478070737,0.2844595756529751,0.12708700440400778,-1.2409225677500908
19-3033.00,-0.0002769440125979628,-1.0220087708646068,0.3288342128551833,0.02771903283548216,-0.6654555251739414
19-3034.00,-0.0001780697428029391,-0.7157512389225973,0.19707771584148226,0.025513108245375893,-0.49316041483573914
19-3039.02,-6.728645641729668e-05,-1.2782277585785535,0.3298802737584161,0.04003503692340349,-0.9083124478967339
19-3039.03,-5.252154746949768e-05,-1.1023966483311307,0.2739612299107539,0.0425053639565216,-0.7859300544638552
19-3041.00,-1.5619186083646448e-05,-1.54435850092678,0.5583617100717198,0.014341532767965237,-0.971655258087095
19-3051.00,-0.00021401157655478428,-2.292823706231488,0.8544258367885529,0.06717061093833365,-1.371227258504601
19-3091.00,-3.772913358260243e-05,-1.6118361359053566,0.45923799771881546,0.028275225747537824,-1.1243229124390033
19-3092.00,-7.17477932440325e-06,-2.237315424824574,0.6246471583406481,0.02590262176468494,-1.5867656447192409
19-3093.00,-1.2616979291522168e-05,-0.7653741516644201,-0.2450017229074506,0.021232320656570547,-0.9891435539153002
19-3094.00,-2.904264111062181e-05,-1.724778606235922,0.856996962780749,0.015999883952616756,-0.8517817595025563
19-3099.01,-0.00016335522806550762,-2.0162992517593787,0.6581189966782863,0.05699309029839217,-1.3011871647827
19-4012.00,-3.261698257473431e-05,-0.694533245020514,0.13160179267929228,0.024568848630682538,-0.5383626037105391
19-4012.01,-5.563168684138281e-05,-1.215628256886577,0.4027267139425246,0.029624212772177305,-0.7832773301718752
19-4013.00,-4.783199466901741e-05,-0.5230029621235937,0.1786397323862312,0.010493196424455675,-0.33387003331290677
19-4021.00,-0.000256751027872054,-0.9100305872007359,0.22780856507477276,0.0279525010363999,-0.6542695210895633
19-4031.00,-0.0001764486085901304,-0.7950953214270231,0.32421412317131315,0.02297253122698173,-0.4479086670287282
19-4042.00,-0.00011963512857372399,-1.0199439490627968,0.23329569324361543,0.03406032125644742,-0.752587934562734
19-4051.02,-1.1821551957079449e-05,-0.4922456388333871,0.10971510813643759,0.020689366164790446,-0.3618411645321591
19-4061.00,-0.00011243369168329733,-1.2312205330444663,0.3653064059594411,0.029783589798094035,-0.8361305372869312
19-4071.00,-4.879956479998069e-05,-0.628036282627336,0.14520656735765414,0.02634572536152291,-0.45648398990815897
19-4092.00,-5.29689727441553e-05,-0.8087613531103703,0.20035481399197907,0.025777970204962752,-0.5826285689134285
19-4099.01,-0.00034546599007624374,-1.1969204806840827,0.5332966861893702,0.01722643658135148,-0.6463973579133611
19-4099.03,-0.00018174558430602615,-0.7615010171728493,0.3137438394860115,0.024582500616530112,-0.42317467707030776
19-5011.00,-0.0004622208805452722,-1.3832909505500357,0.3613984565865147,0.05002170445903564,-0.9718707895044854
19-5012.00,-0.00011844859711271224,-1.139499098759026,0.46441030082921486,0.017635028543977693,-0.6574537693858336
21-1012.00,0.00025616307327574594,-0.15072914997788622,-0.030316634345206595,0.02805037380213271,-0.1529954105209601
21-1013.00,-0.0001688774529110642,-0.7463566222264904,0.13162012638763487,0.04069960294197639,-0.5740368928968791
21-1015.00,-0.00013304848287421233,-0.7951590952556673,0.13987339033872237,0.046139683756342365,-0.6091460211606026
21-1021.00,-0.0003862001247087847,-0.6527015958167701,0.06473781508053822,0.04790076268216614,-0.5400630180540658
21-1022.00,-0.000508620158854775,-0.963862038470404,0.16493602903040605,0.04798993016331554,-0.7509360792766824
21-1023.00,-0.0002566041106610772,-0.7383298629612058,0.19316342172369128,0.035628741894198956,-0.5095376993433156
21-1091.00,-0.000228553875044433,-0.9120918034622121,0.3597527201075734,0.019787067814243997,-0.5325520155403947
21-1092.00,-5.623431127792792e-05,-0.6430480131073719,0.07937479140038839,0.04294549502992684,-0.5207277266770567
21-1093.00,-9.262276075967931e-05,-0.5556726005211985,0.031791972752479136,0.04823966162660431,-0.47564096614211504
21-1094.00,-0.00016637715112555377,-0.7340720402451324,0.23752808915193535,0.01938522878288751,-0.47715872231030954
21-2011.00,8.523518776251237e-05,-0.08203489682151144,-0.031740775510023855,0.032904578721091315,-0.08087109361044398
21-2021.00,-2.825070205315141e-06,-0.2847485336414506,0.043507424715515164,0.0263603070091456,-0.21488080191678982
23-1011.00,-0.0009842932906073826,-1.0128750127536483,0.1034047462806591,0.09782391667290646,-0.8116463498000828
23-1012.00,-1.2782285214239529e-05,-0.5716238941527125,0.17790575935457253,0.02383066553248714,-0.36988746926565286
23-1021.00,-4.264337096637077e-05,-1.230247825380253,0.12139512442883671,0.06106849449587859,-1.0477842064555376
23-1022.00,-1.2882988301150353e-05,-0.8499923107197764,0.029169807036274698,0.047386493673085894,-0.7734360100104158
23-1023.00,1.3125053514875996e-05,-0.3588701966579353,0.02632883343994452,0.05156561522629488,-0.2809757479916959
23-2011.00,-0.00024880646924849235,-0.7492642804640961,0.022327150625736536,0.04548372970468817,-0.6814534001336714
23-2093.00,-0.00012236334517266425,-0.8644227057980558,0.2045481348108953,0.01879834708822381,-0.6410762238989367
25-1011.00,-4.422824800349599e-05,-0.43181274067198894,0.007791857956013448,0.04453049384883112,-0.37949038886714437
25-1021.00,-7.017780024794488e-07,-0.40119023414444177,0.001261770652759342,0.05733132417374698,-0.34259713931793545
25-1022.00,2.2884986534485376e-05,-0.295451999570699,-0.0007599961276292255,0.042929934422492266,-0.25328206127583597
25-1031.00,-2.8907130526501635e-06,-0.45034218934520087,0.015136842032871023,0.05566689972356942,-0.37953844758876043
25-1032.00,-1.716087038932087e-05,-0.4562018327434596,-0.0024372510328705133,0.05314145169757145,-0.40549763207875866
25-1041.00,-1.4410715359432815e-06,-0.4347054749692729,0.0023073850983408306,0.053038930942720164,-0.3793591589282119
25-1042.00,-2.8050848436490556e-05,-0.35240505623929286,-0.007465482430010439,0.03505606743038525,-0.32481447123891805
25-1043.00,-4.008070552778873e-07,-0.4498087376816038,0.014376089330613073,0.05237954374086584,-0.3830531046101249
25-1051.00,-8.311582983821478e-06,-0.45724136592038533,0.027580592242281377,0.05026791871739089,-0.37939285496071307
25-1052.00,-5.050947514166276e-06,-0.36712802308063397,-0.0016132629018659195,0.04229597221427639,-0.3264453137682235
25-1053.00,-3.5136358776189906e-06,-0.47828062877530764,-0.00035207873100473464,0.05704655927799296,-0.4215861482283194
25-1054.00,9.505175401492279e-07,-0.33837850545673565,-0.017969136178399125,0.04517819179459437,-0.3111694498405404
25-1061.00,-5.910664319272131e-06,-0.5402048772556651,-0.0023232130459600597,0.05666188609078082,-0.48586620421084437
25-1062.00,2.298971456727233e-06,-0.3013602970994427,-0.013225567847106934,0.04349118688835363,-0.271094678058196
25-1063.00,8.731375904533705e-07,-0.38087173987634015,-0.0067512854352722584,0.04826261905757345,-0.33936040625403896
25-1064.00,-1.6095242330198288e-06,-0.4854871150944291,0.012470581540287906,0.055357286418491025,-0.41765924713565017
25-1065.00,3.2177304166629912e-06,-0.34816684151654886,-0.006680346325778519,0.04680615025847645,-0.30804103758385093
25-1066.00,1.673912962617285e-06,-0.34702307634315366,-0.011171874621204392,0.05346876199063866,-0.3047261889737194
25-1067.00,1.899187258365596e-06,-0.3768337707835183,0.004224910168221019,0.053736181155462415,-0.3188726794598349
25-1071.00,0.00014586325294402725,-0.26844919027812786,0.0007946627536665751,0.04234077724148788,-0.2253137502829734
25-1072.00,-5.156893075100165e-05,-0.4679516215372459,0.03939972513562484,0.04532458607670886,-0.3832273103249122
25-1081.00,2.4503425779850117e-05,-0.2762943523905097,-0.031685574929559035,0.04456680156097903,-0.2634131257590897
25-1082.00,-8.240967455178004e-07,-0.4028604294033915,-0.0010724706981606325,0.04782246407140267,-0.35611043603014947
25-1111.00,2.857319192230742e-06,-0.3507596714941399,-0.006505332691975063,0.04620255764119907,-0.3110624465449159
25-1112.00,5.961049422200672e-06,-0.3248646775865498,-0.013448456538836862,0.050266756480672026,-0.28804637764471464
25-1113.00,-8.740048072379059e-07,-0.2380433625333489,-0.08380078399206159,0.032049093207464185,-0.2897950533179463
25-1121.00,4.09774722324518e-05,-0.26879487796745405,-0.019865827212517395,0.038251100445527264,-0.2504096047344442
25-1122.00,8.427821482171789e-06,-0.3398959460585842,-0.0076400840783770185,0.04966619893373059,-0.29786983120323063
25-1123.00,3.5335279069729076e-05,-0.2610922879465538,-0.01168209710416157,0.04117536097029939,-0.231599024080416
25-1124.00,2.0553058755396942e-05,-0.23671607049131405,0.007168922180250448,0.041842287059282945,-0.18770486125178065
25-1125.00,-3.244421020033175e-05,-0.5856355940723614,-0.008759225843867569,0.031186604632157167,-0.5632082152840718
25-1126.00,1.5758863390506883e-05,-0.2489930343754816,0.002212867881681735,0.04118367990405858,-0.20559648658974128
25-1192.00,-7.059053386115205e-07,-0.4296529066768371,-0.005731235291604797,0.04623767233961029,-0.3891464696288316
25-1193.00,4.188115747396715e-07,-0.3709307069347303,-0.004175862125815222,0.04491768195926271,-0.3301888871012828
25-1194.00,1.7791042958968054e-05,-0.3207768111897038,0.028559255684148965,0.02611712602420102,-0.2661004294813538
25-2011.00,0.0002636578966525873,-0.25300459693397803,-0.04473851552029373,0.03464487474887834,-0.2630982377053934
25-2012.00,6.341954365253152e-05,-0.2580144059708327,-0.049336072708535905,0.03780538771479236,-0.26954509096457624
25-2021.00,0.002015970311828294,-0.12612830361885452,-0.07529685060532199,0.047916601386481794,-0.1535085528376947
25-2022.00,0.0009888005323967913,-0.1191820765725855,-0.06289350293752305,0.048775527052796086,-0.13330005245731247
25-2023.00,2.034915222296029e-05,-0.09103633660738675,-0.06071332006316288,0.03982396712372083,-0.1119256895468288
25-2031.00,0.0013372582144551707,-0.15133839581313868,-0.07567144924754743,0.04847711240306207,-0.17853273265762404
25-2032.00,0.00012883796890758603,-0.12590537596540585,-0.05599655464182751,0.03719672660443152,-0.14470520400280185
25-2051.00,-8.624244190030383e-06,-0.3105619462130509,-0.047095753102773585,0.027326978446735595,-0.3303307208690889
25-2057.00,7.718174765871354e-05,-0.2453652037118328,-0.013914186727643774,0.040890698510944734,-0.21838869192853183
25-2058.00,0.00016670254665480477,-0.2066360326793535,-0.02567990831928091,0.04256617653807693,-0.18974976446055747
25-2059.01,-3.2224569484524935e-05,-0.5826226900172928,0.09772377499055818,0.03725893607332598,-0.4476399789534087
25-3011.00,3.511276758439921e-05,-0.19104676885088478,-0.01419817033537285,0.027320287659943876,-0.17792465152631376
25-3021.00,0.00014408237335545335,-0.27022634689815783,-0.026671792688644835,0.028728300426152487,-0.2681698391606502
25-3031.00,0.0006994475744234565,-0.026709534948867297,-0.08934100034459469,0.02904368059336182,-0.08700685470010017
25-3041.00,8.787526617976449e-05,-0.25425670591673954,0.0033722594950322815,0.029659213110722504,-0.22122523331098476
25-4011.00,-1.0580729669147007e-05,-0.5810828453798833,0.058415309034433704,0.02854902781592994,-0.49411850852951966
25-4012.00,-3.888250643870273e-05,-0.7891039346742268,0.20096946097034651,0.030319328198771256,-0.557815145505109
25-4013.00,-9.692418633745834e-06,-0.3788546555966459,0.009149781591224926,0.0259276884220756,-0.34377718558334536
25-4022.00,0.00012232375249061163,-0.167206724220891,-0.009325427178684453,0.02412914341018757,-0.15240300798938788
25-4031.00,4.8036035896656957e-05,-0.13880155239730385,-0.0658754763029532,0.02157303433088531,-0.18310399436937175
25-9021.00,-2.5175407349108866e-05,-0.910866530157656,0.11104555659197857,0.05119127906498999,-0.7486296945006874
25-9031.00,-8.588736466800737e-05,-0.372046057409126,0.0413337387402799,0.04033765429074876,-0.29037466437809734
25-9044.00,0.00015472942969890682,-0.11760597847772969,-0.06157675284969644,0.028030795588128488,-0.15115193573929764
27-1011.00,-5.849978750052789e-05,-0.5980706924408761,0.10566745894740137,0.033583224821453594,-0.4588200086720211
27-1012.00,-3.519349076806731e-06,-0.2345542705067638,-0.06142915897475554,0.01403520518770529,-0.28194822429381405
27-1013.00,-1.7075788712370054e-06,-0.23589639275671948,-0.01901962757388187,0.015236650138652497,-0.23967937019194885
27-1014.00,5.7489882012880516e-06,-0.3063796067462117,0.0019468639241200236,0.03075018604688884,-0.2736825567752028
27-1021.00,-0.0001031611095517599,-1.1109149065202284,0.2603856026498259,0.04509775290318796,-0.8054315509672145
27-1022.00,-3.151025470406531e-05,-0.5693813531075187,0.14809602736279182,0.022575257675931937,-0.39871006806879494
27-1023.00,4.2605327989177704e-05,-0.06623852196275726,-0.09370158630081837,0.022602727427547986,-0.13733738083602764
27-1024.00,-0.00019455492976270064,-0.6371703370886208,0.10389352467251056,0.03508990907251386,-0.4981869033435964
27-1025.00,-0.00022029204122654138,-1.1549648375637123,0.2715561744778814,0.03629183991257445,-0.8471168231732564
27-1026.00,0.0001505484183470532,-0.1506619667916591,-0.06218680102386198,0.026294742940087712,-0.18655402487543338
27-1027.00,-1.1716151241100977e-05,-0.5016563167362671,0.13530468760371495,0.023291522045056468,-0.3430601070874957
27-2011.00,6.292916991839498e-05,-0.13950594464246846,-0.06038692064726847,0.02515455517469345,-0.17473831011504348
27-2012.00,-3.06671529086758e-05,-0.46499445285712016,0.048437119383778704,0.04215588996913633,-0.3744014435042051
27-2012.03,-0.00015664934113714243,-0.581593392508065,0.0358196647695328,0.04112660556082881,-0.5046471221777034
27-2012.04,0.00010435853285836456,-0.2598499652499453,-0.04370184379304476,0.038692283191218646,-0.2648595258517714
27-2012.05,3.197955781474287e-05,-0.2530510141020721,-0.011449379831793838,0.0319133801487248,-0.23258701378514113
27-2021.00,-1.3334788846930938e-05,-0.48832456871952257,0.03793289372026587,0.023252618589871155,-0.42713905640938554
27-2022.00,-4.274823592984728e-05,-0.4479095758250913,0.0375676804251186,0.050496414154979075,-0.3598454812449936
27-2023.00,-4.375076460180699e-05,-0.6775726800917328,0.1648009587028012,0.01163575550057594,-0.5011359658883556
27-2031.00,1.2249575854374518e-05,-0.23645954010533554,-0.005090599616721647,0.02490197655542925,-0.21664816316662794
27-2032.00,-2.0037643931971335e-06,-0.26234167637804706,-0.05517938254351051,0.022423820979351916,-0.29509723794220566
27-2041.00,-9.134400355853786e-06,-0.509021700771576,0.04908122226990397,0.03070136437391513,-0.42923911412775695
27-2042.00,3.0707366127054716e-05,-0.21892609267458862,0.022420803724557015,0.02067704312158991,-0.1758282458284417
27-3011.00,3.0329123571749025e-05,-0.15107192976098727,-0.04273291237659249,0.02882842352562731,-0.16497641861195245
27-3031.00,-0.0006066465079716166,-0.9305033216485081,0.15306221963740096,0.048314929580453025,-0.7291261724306541
27-3041.00,-1.3133454757354411e-06,-0.3794294609478941,0.0036324766152153742,0.034481625252365866,-0.34131535908031285
27-3042.00,-7.746367462658973e-05,-0.5969096141744741,0.11192101420605871,0.01895628216642331,-0.46603231780199206
27-3043.00,-0.00010758662709634508,-0.9833908657202692,0.12886144939052935,0.03497046775717472,-0.8195589485725652
27-3043.05,-4.3151862779187755e-05,-0.5350769308248071,0.07823066200315765,0.02550318901400317,-0.4313430798076463
27-3091.00,-0.00010237717034936115,-0.7119870587478498,0.12773517422737424,0.0222977461101177,-0.5619541384103579
27-3092.00,1.0577117957587536e-05,-0.18414787391733745,0.00017804239841900937,0.014163539894221255,-0.16980629162469718
27-4011.00,4.795305117923142e-05,-0.17720402158205406,-0.00034559912356613154,0.023430923752067123,-0.15411869695355307
27-4012.00,8.922827370632936e-06,-0.11760422698279838,-0.05687697644352241,0.021221467492076318,-0.15325973593424447
27-4014.00,2.5507613806724765e-05,-0.0659339269208723,0.01827893399375391,0.01736290915658234,-0.03029208377053605
27-4021.00,1.315317025922763e-07,-0.14310079706787437,-0.050744903537168984,0.01795601554706394,-0.17588968505797942
27-4031.00,1.0312173975631758e-05,-0.20211480215304034,-0.0011551923486328164,0.02437428779643014,-0.17889570670524302
27-4032.00,-8.003498650061778e-06,-0.259040290056777,-0.024451633026546737,0.0216002926344121,-0.2618916304489116
29-1011.00,-5.219765966545242e-05,-0.5323248184157698,0.09930579536591244,0.027072510029849894,-0.4059465130200075
29-1021.00,-0.000185012175021969,-0.684113251575686,0.03515999392165181,0.050383597434846994,-0.5985696602191872
29-1022.00,4.089933457671891e-06,-0.22363207971762433,0.016910799990693448,0.036062655980338754,-0.17065862374659213
29-1023.00,-1.3252610229179472e-05,-0.5685846834135391,0.012755235552421862,0.030462601998795247,-0.525366845862322
29-1024.00,-1.0257860304719163e-06,-0.2576720129408949,-0.3224064209662796,0.01387560798724552,-0.566202825919929
29-1031.00,-0.00030043065209573176,-1.4849498711823226,0.2857181929509469,0.08268062745961258,-1.116551050771763
29-1041.00,-0.00013446898614538248,-1.1022302137811923,0.15352291178068844,0.04324762062288601,-0.9054596813776179
29-1051.00,-0.00020546810912466947,-0.567377069512006,0.07630517617439958,0.0482902970475223,-0.44278159629008407
29-1071.00,-0.00020424353296327497,-0.7574140971833891,0.09504725548846915,0.05596646908283409,-0.6064003726120859
29-1071.01,-1.9141120779446637e-05,-0.38828729394826267,0.021586530698484374,0.0351710717978837,-0.3315296914518946
29-1081.00,-1.5879492232517484e-06,-0.29260292516059305,-0.026672850019267003,0.03117656124356616,-0.2880992139362939
29-1122.00,-0.00030987182969522667,-0.880439848451485,0.12762925520086954,0.046710137002816676,-0.7061004562477988
29-1122.01,-0.00015048659828662133,-0.5990601308842809,0.08877889392041016,0.03274147854523646,-0.4775397584186343
29-1123.00,-0.0006195780519940375,-1.0308698704468577,0.16414314786121098,0.046456868218943015,-0.8202698543667037
29-1124.00,-1.53213569520371e-05,-0.400595265010836,0.03524915812435614,0.024805946100836085,-0.34054016078564375
29-1125.00,-3.3424689098849865e-05,-0.7230336272216245,0.1481004144946314,0.0312169227395227,-0.5437162899874703
29-1126.00,-0.0001278116942106585,-0.5975021032140053,0.07282746475836799,0.03907844892461876,-0.4855961895310186
29-1127.00,-0.0002898042651063101,-0.7773393263642676,0.12201846742849787,0.047375028112658146,-0.6079458308231116
29-1128.00,-2.967067711920524e-05,-1.0605581312960637,0.29665242487329957,0.030019036010893174,-0.733886670411871
29-1129.01,-3.900651886870024e-05,-0.9566541192424949,0.08469624272579379,0.05179498313744846,-0.8201628933792526
29-1129.02,-6.386079751703608e-05,-1.2631003710504585,0.22614496130899964,0.03254639512933366,-1.0044090146121252
29-1131.00,-8.60549581569248e-05,-0.6136541415780683,0.13220660848990606,0.037414023814472674,-0.44403350927368956
29-1141.00,-0.0010861141603192813,-0.9177217224793808,0.04215187139480592,0.10007970731381044,-0.7754901437707644
29-1141.01,-0.0009477139462202092,-0.8065589183961546,0.04221480109346065,0.09310453311216982,-0.6712395841905241
29-1141.02,-0.0026397552759924586,-1.1581278829872403,0.07787030162390574,0.1360937632245709,-0.9441638181387637
29-1141.03,-0.001833002017045754,-0.8826234901521555,0.055496054029544384,0.09187434486307167,-0.7352530912595394
29-1141.04,-0.004334453814712015,-1.0394120726345046,0.12095473565794856,0.10313671835321392,-0.8153206186233422
29-1151.00,-5.013152859450085e-05,-0.515696287062116,0.04371868672995172,0.037714751137734925,-0.43426284919442937
29-1161.00,-2.1439573441779568e-05,-0.7622453894187764,0.08835518586362356,0.02176095747190887,-0.652129246083244
29-1171.00,-0.0005859293957170011,-1.0297285671438892,0.11706527174519143,0.0787932087848211,-0.8338700866138766
29-1181.00,-3.396260815110826e-05,-0.7549065542023574,0.2257636267854055,0.029675624361812147,-0.49946730305513976
29-1211.00,-7.212433843390537e-05,-0.7753290141777232,0.15396447842986705,0.03781202066314382,-0.5835525150847123
29-1213.00,-3.7839870734225e-05,-1.0682815831954677,0.22609762721934556,0.028669356754454256,-0.8135145992216679
29-1214.00,-9.06237673121486e-05,-1.0386534425610927,0.10943718677133774,0.06752932600986616,-0.8616869297798888
29-1215.00,-0.0001783923899455648,-0.9770456634199522,0.1274324203766537,0.07866941659809301,-0.7709438264452055
29-1216.00,-0.0001706474375046489,-1.110068961356626,0.10252773738381338,0.07336684988796449,-0.934174374084848
29-1217.00,-3.5459712292772976e-05,-1.3081343347245515,0.22932748582903617,0.07658838954449276,-1.0022184593510226
29-1218.00,-4.328828623710697e-05,-0.9481050334656347,0.10389677011844789,0.07130184366834502,-0.7729064196788418
29-1221.00,-5.486777769218225e-05,-0.6750458890277948,0.040353887385483844,0.05442148654717727,-0.5802705150951337
29-1222.00,-4.960124770009555e-05,-1.9993363657061194,0.6019147405744947,0.09367618282040535,-1.3037454423112194
29-1223.00,-0.00010350438635456278,-1.087137450028512,0.3414609581551731,0.04274458656968916,-0.7029319053036498
29-1224.00,-0.0001252179271597001,-1.678461275965254,0.2302832171551239,0.08350419752813965,-1.3646738612819904
29-1229.01,-0.0007661728303885986,-1.0432819103061037,0.2035845901457778,0.05740101134417097,-0.782296308816155
29-1229.02,0.00016672540890866057,-0.3381838113559201,0.05000958389035537,0.05234670437241462,-0.23582752309315014
29-1229.03,-0.0001355422529131841,-0.6077477226339618,0.08279024678837654,0.05342761120653261,-0.47152986463905266
29-1229.04,-0.0007332685803141503,-1.4580456467115825,0.19689664449989386,0.1251543919542346,-1.135994610257454
29-1229.05,-0.001243640284543835,-1.7183235055236887,0.4918876901445206,0.14104893907944405,-1.085386876299724
29-1229.06,-0.0006473041638569274,-1.1283797725881555,0.1327712716777425,0.08735296157628358,-0.9082555393341294
29-1241.00,-1.308408626658214e-05,-0.8017960449155721,0.12803185761125713,0.0727834264406777,-0.6009807608636373
29-1291.00,-1.889558370851322e-05,-0.7132022157774869,0.09235418182704791,0.026695676013567038,-0.5941523579368719
29-1292.00,1.4269794067723598e-05,-0.4269245167058058,0.014658102685937813,0.036256337345109024,-0.37601007667475894
29-1299.01,-7.393327746251334e-05,-0.8718906673025306,0.12691609017663152,0.043685378109815876,-0.7012891990160832
29-1299.02,-0.00011016347072107056,-1.3622625126795378,0.21032466746321488,0.05226130378601468,-1.0996765414303082
29-2031.00,-0.0001080550773558553,-0.718903266011266,0.11988921524547758,0.034816688497246506,-0.5641973622685419
29-2032.00,-7.678905596038434e-05,-0.47694455348231557,0.04815552968955039,0.029545296412239352,-0.3992437273805258
29-2033.00,-3.9194752689762614e-05,-0.624971349993015,0.1815469804101406,0.020970604898842726,-0.4224537646840316
29-2034.00,-4.939229772610689e-05,-0.37746526396191804,0.019704323469480478,0.027854681690195893,-0.32990625880224167
29-2035.00,-2.0423985422347607e-05,-0.3230121241933577,0.09396950995862907,0.018030656926395938,-0.21101195730833266
29-2036.00,-1.7786516858622554e-05,-0.9745331308428651,0.3560589318395797,0.014445770637192101,-0.6040284283660933
29-2051.00,-3.4712997738010865e-05,-0.7253635090062875,0.06835107382417593,0.03643208301380252,-0.6205803521683091
29-2052.00,0.0008164594568239266,-0.018512775922314706,-0.08629610966234758,0.03856480015587005,-0.06624408542879223
29-2053.00,6.426392666894964e-05,-0.24592705765964284,-0.01303507911829982,0.029130197161163274,-0.2298319396167794
29-2055.00,7.928172802287034e-05,-0.14319781567645107,-0.07613329825703774,0.029870102906282003,-0.1894610110272068
29-2056.00,8.176935645413399e-05,-0.12840166781799,-0.05385073629057624,0.023105667296523524,-0.15914673681204272
29-2057.00,-5.7339241218951336e-05,-0.46351406123825756,0.06487131843779137,0.020991260689359414,-0.3776514821111068
29-2061.00,0.0004226885514383265,-0.3294524343682075,-0.04075947948892056,0.048448515353424426,-0.3217633985037036
29-2081.00,6.20717516517663e-05,-0.1793301239071723,-0.06620235266534902,0.03565884625761928,-0.20987363031490203
29-2091.00,-1.3961005734334432e-06,-0.3474245973032182,0.05517975536954589,0.03115840307270412,-0.26108643886096816
29-2092.00,-9.843342418261043e-06,-0.530749334797807,0.025104905326607696,0.03343404725628485,-0.4722103822149144
29-2099.01,-0.00039258366680265634,-0.8624772225059214,0.15150820908767315,0.03534967186392768,-0.6756193415543206
29-2099.05,-0.00026882892808849704,-0.6972179871428237,0.1229595117028559,0.030974621524488377,-0.5432838539154794
29-2099.08,-0.0002673051575522007,-0.6230164611365394,0.1493087226534917,0.02723258120819505,-0.44647515727485265
29-9091.00,-4.4532329712295064e-05,-0.609211958207093,0.10256304580422482,0.027945812411140025,-0.4787030999917281
29-9092.00,-1.375671045120505e-05,-1.7465173550673088,0.586533104180178,0.03436080108369799,-1.1256234498034328
29-9093.00,1.2408881894602084e-05,-0.10354509915788812,-0.054992333854485764,0.020249335413608627,-0.13828809759876526
29-9099.01,-0.00011660560187892253,-0.9897052539954219,0.15557981391966136,0.03114303619058667,-0.8029824038851738
31-1131.00,0.0015083642793242693,-0.21920730614640105,-0.07002064974108446,0.038831429096192416,-0.2503965267912931
31-1132.00,7.757374802165552e-05,-0.0033278102717333446,-0.1169095474556161,0.02147889700978478,-0.09875846071756467
31-1133.00,3.778094369249522e-05,-0.09770507291650876,-0.03149556617495364,0.02005321552704853,-0.10914742356441387
31-2011.00,-9.207847978023095e-06,-0.4022343597826734,0.04645686380909009,0.027823437593148093,-0.32795405838043523
31-2012.00,7.208108652882409e-07,-0.1446787905756648,-0.10153397885776405,0.011166291011492024,-0.23504647842193682
31-2021.00,4.120413787170362e-06,-0.3962198600154152,0.04160549108443323,0.03443264097722887,-0.3201817279537531
31-2022.00,2.540595342264844e-05,-0.1948756250167527,-0.05217523520862821,0.02514572815489169,-0.22190513207048923
31-9011.00,-7.629894228395825e-05,-0.5193654956378131,0.027085445226161298,0.023238437599975903,-0.4690416128116759
31-9091.00,0.0006046090310067383,-0.025831308826486765,-0.11417021481185285,0.03877128146290909,-0.10123024217543053
31-9092.00,0.0010485041469115624,-0.1185957386753076,-0.08937784071104504,0.04443670876607975,-0.1635368706202729
31-9093.00,7.505221511378858e-05,-0.026865283290680164,-0.07260021802558825,0.014090841505649543,-0.08537465981061887
31-9094.00,-5.9503680630739435e-05,-0.6725455036513828,0.02736365838855015,0.023410871193481952,-0.6217709740693507
31-9095.00,5.265019014784965e-05,-0.0005573196959236526,-0.12383854560958785,0.020260634997266713,-0.10413523030824479
31-9096.00,3.857065038740781e-05,-0.2797274094813793,-0.010880638545881727,0.02778061469838411,-0.2628274333288769
31-9097.00,-0.0001258716935346343,-0.5234491203610978,0.09845831955002149,0.022912496080766065,-0.40207830473031025
31-9099.01,-6.883185219482002e-05,-0.5275410215051091,0.03412705168500896,0.03252119382097307,-0.46089277599912704
31-9099.02,1.379098995405489e-05,-0.33150896550562914,0.016259054491027047,0.027115573221706324,-0.28813433779289577
33-1011.00,5.308621170847273e-06,-0.33865409279819714,-0.031359801659952335,0.03578202204074188,-0.3342318724174076
33-1012.00,4.983883844790135e-05,-0.4060496819600745,0.06865604082852128,0.040699603221725056,-0.2966940379098282
33-1021.00,-0.00012281745642836136,-0.504627679983348,0.084715044698215,0.025762912431110063,-0.39414972285402294
33-1091.00,-1.2222096702996677e-05,-0.3045557013040794,-0.0023211855383036273,0.025834991382398087,-0.2810418954599849
33-2011.00,0.0002006145644412546,-0.22272582187308032,-0.04005249976242942,0.03724891054822832,-0.22552941108728142
33-2021.00,-3.960791267300875e-05,-0.988620590591291,0.2224466232541844,0.033086575026210596,-0.733087392310896
33-2022.00,-2.576492641046206e-06,-0.5203448404879274,0.14310900526236336,0.0248965046275762,-0.35233933059798783
33-3011.00,1.605824752591406e-05,-0.005891698646074417,-0.1274069929830004,0.016744000946290694,-0.11655469068278412
33-3012.00,0.0004571633324384047,-0.07355903806843944,-0.09311455665095902,0.03025904705196769,-0.13641454766743077
33-3021.00,-0.00022309666124716184,-0.8500967015511054,0.10689329583787588,0.038244919500464825,-0.7049584862127647
33-3021.02,-6.090486518749085e-05,-0.5147126377355478,0.06466383173450962,0.029487133313019775,-0.42056167268801836
33-3021.06,-0.0004461898719330423,-1.9198426566370417,0.38358653544669163,0.056534748831835735,-1.4797213723585143
33-3031.00,-1.7118284190906296e-05,-0.8143404693618295,0.05135912828909195,0.032387166556271385,-0.7305941745164661
33-3041.00,6.277510546763091e-06,-0.03759816566872898,-0.09607465076951183,0.01343257597532288,-0.12024024046291792
33-3051.00,-0.00010422738654519356,-0.5594191367263948,0.004583876942338971,0.05105111123953776,-0.503784148544518
33-3051.04,-1.0226147520598933e-05,-0.6824028323505344,0.017863531676975075,0.06784230616891018,-0.5966969945046492
33-3052.00,-4.173851042085193e-06,-0.419249682847584,0.10682639286476503,0.012981857888822557,-0.29944143209399643
33-9011.00,-4.523338720441944e-06,-0.46281472637575094,0.04485361080378292,0.024327170535225484,-0.39363394503674254
33-9021.00,-0.00011477303430984016,-1.5282866554207761,0.21232889392710352,0.05171760106079093,-1.2642401604328817
33-9031.00,-2.682817581733451e-05,-0.9894086762831149,0.1564265004309373,0.026229405951403884,-0.8067527699007737
33-9032.00,0.002063062050492495,-0.052987817508643786,-0.11197294641917166,0.039029489526718475,-0.12593127440109697
33-9091.00,9.779627606814614e-05,-0.11075767265885128,-0.07009121108008065,0.015318619621955687,-0.16553026411697624
33-9092.00,6.233960813156931e-05,-0.29175088574137753,0.015037675877640932,0.018644983198167875,-0.2580682266655687
33-9093.00,5.640543556703848e-05,-0.06713321650926529,-0.05083619355641211,0.018479806687278888,-0.09948960337839852
33-9099.02,-0.00021731719912639256,-0.897247441830475,0.17043347118101426,0.026306267171686937,-0.7005077034777738
35-1011.00,4.5534859321274363e-05,-0.29632055293845916,-0.00890218072674287,0.03507664592741344,-0.2701460877377886
35-1012.00,0.0008491268258764614,-0.32614522387410627,-0.04989654788196285,0.051618687329214374,-0.32442308442685475
35-2011.00,0.0010709262375867609,-0.015418709830566701,-0.1161818649868187,0.03647548505726883,-0.09512508976011658
35-2012.00,0.0005814843515752643,-0.10556106663438314,-0.0857835987275366,0.03718839004887586,-0.15415627531304388
35-2013.00,8.4610836052879e-07,-0.04440354412154468,-0.09346539618633809,0.021671433429740983,-0.11619750687814179
35-2014.00,0.002259046905711576,-0.07067254547717994,-0.10814424686555668,0.042158122256719555,-0.13665867008601706
35-2015.00,0.00017501939919634026,-1.9522424492990353e-05,-0.11610787905966147,0.024865926183012643,-0.09126147530114181
35-2021.00,0.0013930896636082908,-0.002373302982557668,-0.11147352123606602,0.034247981650067594,-0.0795988425685561
35-3011.00,0.0011400338473095094,-0.0158535820107244,-0.12027276072823012,0.03956677284118726,-0.09655956989776726
35-3023.00,0.00651542661293808,-0.0013635976289820828,-0.13333744000601788,0.06532203172717188,-0.06937900590782808
35-3023.01,0.006562723041636825,-0.003489595983369842,-0.1353024244162493,0.05687704155702722,-0.08191497884259191
35-3031.00,0.0038980237276252244,-0.010222117565707567,-0.12957965863259857,0.05415289866777129,-0.08564887753053485
35-3041.00,0.00032398167391600946,-0.08918275346631699,-0.1025498315269231,0.0321961025066404,-0.15953648248659968
35-9011.00,0.0007210857440204926,-5.9344964422614055e-06,-0.12194190327200793,0.035818984660549,-0.0861288531079012
35-9021.00,0.0007254303333816972,-3.130656244465513e-05,-0.12198040480314365,0.042608381578811194,-0.07940332978677711
35-9031.00,0.0006874939571715668,-0.016256169458366276,-0.09895868601897151,0.030105842453221676,-0.08510901302411611
37-1011.00,4.9954612296017114e-05,-0.265084043923276,0.004601666814630256,0.026810801616151014,-0.23367157549249473
37-1012.00,-6.660116688321505e-05,-0.4585744017928346,0.056019890040362785,0.03434386880653362,-0.3682106429459382
37-2011.00,0.003660841404365265,-0.005456872557211057,-0.128991348637989,0.04496930561859469,-0.08947891557660537
37-2012.00,0.0013465136126916402,-0.0012268565412103527,-0.12513595522033194,0.04108843831531406,-0.08527437344622824
37-2021.00,-6.657699050646075e-05,-0.44082087068937215,0.021585228674696477,0.03155155845969704,-0.38768408355497863
37-3011.00,0.0014771049659743742,-0.02122122233786472,-0.11356925951628227,0.030444452516561693,-0.1043460293375853
37-3012.00,2.7180168395626186e-06,-0.22966141529290285,-0.031118597566077266,0.020278319096627584,-0.24050169376235253
37-3013.00,3.628272435825052e-05,-0.13207919919374067,-0.08499707798684142,0.023545767077704394,-0.1935305101028777
39-1013.00,1.3902254948827583e-05,-0.12935541590473987,-0.06700837618504352,0.022749596639331404,-0.17361419545045198
39-1022.00,4.6129397041018666e-05,-0.2442560248745762,-0.016024459448108264,0.027786869697403294,-0.23249361462528118
39-2011.00,-1.0641480969400519e-05,-0.5480358722660497,0.028410812049239897,0.03518931465162911,-0.48443574556518065
39-2021.00,0.00025365153949474437,-0.13986396580657567,-0.06473049875072112,0.020435781542182063,-0.18415868301511473
39-3011.00,0.00010640012318213478,-0.013155657544372534,-0.09610026925780657,0.017695948126509098,-0.09155997867567
39-3012.00,1.3345579638086303e-05,-0.022027531374706477,-0.15709080450620272,0.019160002026199052,-0.15995833385471014
39-3021.00,3.239554321743042e-06,-0.02652444966436729,-0.07359608882010704,0.013080209170655444,-0.08704032931381889
39-3031.00,0.0001713893931846607,-0.01131712048532485,-0.10251757083519975,0.020591750095916073,-0.09324294122460852
39-3091.00,0.0005522887139056145,-0.012927761216663392,-0.106838848051658,0.02508338268590471,-0.09468322658241668
39-3092.00,4.520485978013979e-06,-0.16398332035543328,-0.07416468105564267,0.02371725826720006,-0.2144307431438759
39-3093.00,1.3998040403318438e-05,-0.06926166681963242,-0.09534503374127112,0.018514006625252044,-0.1460926939356515
39-4011.00,3.363404623559035e-06,-0.0330351449734656,-0.28581873303795247,0.016687157532918828,-0.30216672047849924
39-4021.00,3.604978818217639e-05,-0.001181307177925195,-0.12559182628825294,0.018681360040617268,-0.10809177342556087
39-4031.00,4.309057254564105e-05,-0.015144445633851866,-0.0903453248799968,0.021982664975876087,-0.08350710553797258
39-5011.00,2.137620712107182e-05,-0.02221479240474933,-0.10473231997078791,0.021926411899421794,-0.10502070047611545
39-5012.00,0.0003023929441167267,-0.10452928778653625,-0.08733794816885121,0.027935535511151244,-0.16393170044423622
39-5091.00,-2.668558894036891e-06,-0.3508188540381165,-0.00034134573844957217,0.022641585049078206,-0.3285186147274879
39-5092.00,0.00022214389640500562,-0.0015610612577603433,-0.09262789849297359,0.020543474766534064,-0.07364548498419987
39-5093.00,7.864606178908025e-06,-0.017878954507979827,-0.10178375649247595,0.011356439876478497,-0.10830627112397728
39-5094.00,5.348415735869223e-05,-0.28505275487915727,-0.01903776428093673,0.034338066325152905,-0.2697524528349411
39-6011.00,3.928042541787247e-05,-0.00045926564609954923,-0.12092389197325826,0.023055236801994283,-0.09832792081736352
39-6012.00,3.6626977452440356e-05,-0.0029290066751244126,-0.11802297632302006,0.017222063499892748,-0.10372991949825172
39-9011.00,0.000674706236313668,-0.08598760366404745,-0.07494525312819889,0.02837421421924713,-0.1325586425729992
39-9011.01,0.0007829026038453681,-0.0933973794362637,-0.061010942361379605,0.03563609477469187,-0.11877222702295143
39-9031.00,7.122391051122006e-05,-0.34926555312591745,0.004258261620624815,0.027410000586029604,-0.31759729091926303
39-9032.00,-6.91153582056995e-05,-0.42872151209251275,0.008040729005221792,0.03592643319078803,-0.3847543498965029
39-9041.00,3.067833221283604e-05,-0.12863514664554287,-0.04802241907838534,0.01801249675859795,-0.15864506896533026
41-1011.00,0.0008910652435924499,-0.31963269318889953,-0.05291033556201308,0.05450451671354717,-0.31803851203736544
41-1012.00,8.741009192746304e-05,-0.3741187776467987,0.00027835304475143374,0.04724940768095687,-0.3265910169210904
41-2011.00,0.005961546937797772,-0.007960869270480453,-0.1314640178323201,0.053428313389282334,-0.08599657371351821
41-2012.00,1.2895076410119583e-05,-0.1603198609933485,-0.044286444064149944,0.01794829156303246,-0.18665801349446598
41-2021.00,0.0005066194784706613,-0.08077140606968847,-0.10115966655066444,0.03386177400409096,-0.14806929861626195
41-2022.00,0.0003895288744381613,-0.013843710525864417,-0.09290378879918837,0.026250249338484632,-0.08049724998656815
41-2031.00,0.006970316991551401,-0.003631677544840395,-0.13545841242270296,0.07010207399278867,-0.06898801597475468
41-3011.00,-3.7425282514991546e-05,-0.4386779008800161,0.003414444741996814,0.035732564731575156,-0.39953089140644416
41-3021.00,-0.0002441938187313828,-0.608445065325538,0.04758709600384803,0.04187794647671961,-0.5189800228449704
41-3031.00,-0.00021128312500796713,-0.6167571341050784,0.028509791977300747,0.05111953922606949,-0.5371278029017081
41-3041.00,0.00010796445776804016,-0.011621145496883756,-0.0791194251904015,0.03465702441609153,-0.05608354627119372
41-4011.00,-0.0005224513262488564,-0.7553626857337683,0.09457446457295005,0.038901297280625524,-0.6218869238801927
41-4011.07,-0.0003577076918276506,-0.8243608716002191,0.14850471665988563,0.044448945242800963,-0.6314072096975325
41-4012.00,0.0013404614242348827,-0.30259136563765976,-0.06616407146070857,0.05857984033001884,-0.3101755967683495
41-9011.00,-1.579759582361973e-05,-0.41381002733536,0.018682721931905455,0.028163187828176728,-0.3669641175752778
41-9012.00,3.61799127078178e-06,-0.008688148810076957,-0.1627836336053088,0.010093155268648069,-0.16137862714673767
41-9021.00,-7.06753769283365e-05,-0.7032048509839215,0.09633889946839824,0.035069774636209416,-0.5717961768793138
41-9022.00,2.8433686801474e-05,-0.44225596497206743,-0.006571428562398118,0.04578830226108899,-0.40303909127337656
41-9031.00,-6.275578891832228e-05,-0.5648900858038068,0.05120774500329128,0.04674785320966279,-0.46693448759085276
41-9041.00,8.425900231275301e-05,-0.21800902792015542,-0.03924162776738305,0.02903130891878991,-0.22821934676874855
41-9091.00,9.81713121635296e-06,-0.04761453286409312,-0.05817801086258667,0.0274272313027355,-0.07836531242394429
43-1011.00,-0.00031673234457891414,-0.6833568488035475,0.008035719426183974,0.07087520500961975,-0.6044459243677438
43-2011.00,5.9442195395586556e-05,-0.05719891873612504,-0.06070565545860651,0.020034101433882068,-0.09787047276084948
43-2021.00,5.333497376398586e-06,-0.06701285857235328,-0.074378278037591,0.018096263508386112,-0.12329487310155818
43-3011.00,0.0003225304106166051,-0.09189213189721368,-0.04187558673787706,0.034198417954842686,-0.09956930068024805
43-3021.00,0.00042475912479815556,-0.14929580780425056,-0.07227749256102456,0.028238398800918052,-0.19333490156435706
43-3031.00,0.001943644565810261,-0.17921295687719851,-0.08550005010168071,0.044295442179909994,-0.22041756479896923
43-3041.00,6.397131060919482e-06,-0.1464714329916479,-0.08853566937445656,0.02133438874222815,-0.2136727136238763
43-3051.00,0.00012012284401675987,-0.22224905256868066,-0.013806335873826736,0.024168610422292236,-0.21188677802021516
43-3061.00,1.3305482756097923e-05,-0.26730424770794503,-0.004800632423531681,0.024921361437679312,-0.2471835186937974
43-3071.00,0.0005319423131730542,-0.05160893960476054,-0.08228140454617261,0.03272572149861519,-0.10116462265231796
43-4011.00,7.151200996458317e-05,-0.05221539683217502,-0.08402952094259053,0.031145949237875392,-0.10509896853689016
43-4021.00,3.0963336838722057e-06,-0.23393937641602358,-0.00430244101902888,0.02471613927049665,-0.2135256781645558
43-4031.00,7.21625059188659e-05,-0.2939987405786133,0.015245625527150253,0.025211713310933526,-0.2535414017405295
43-4051.00,0.0020284191190457004,-0.6096654062301339,-0.05430684306182365,0.08090423296195204,-0.5830680163300055
43-4061.00,-0.00013637443095281465,-0.6736851869052112,0.026448810868368255,0.038840746808435966,-0.608395629228407
43-4071.00,5.8195904529089305e-05,-0.11777379096800233,-0.07213071786516823,0.017744367011812034,-0.17216014182135853
43-4081.00,0.0004084521664548808,-0.007963614273629016,-0.10062586525012973,0.028264948045694904,-0.08032453147806384
43-4111.00,-0.00014185666328989837,-0.6315089182846383,0.05871111315007882,0.035391875542598594,-0.5374059295919609
43-4121.00,0.00012098641164316634,-0.01943163785182911,-0.09750128170552586,0.024394660315293137,-0.09253825924206183
43-4131.00,0.00022936517087451705,-0.1848936430552932,-0.054487796545364287,0.04004411779830974,-0.19933732180234776
43-4141.00,5.6759102224664826e-05,-0.06239744123638502,-0.07935753756124742,0.02794001592955775,-0.11381496286807469
43-4151.00,0.0001444092254602855,-0.07869408396164745,-0.026331469947826758,0.024794649077994002,-0.08023090483148021
43-4161.00,4.300766719518708e-05,-0.31975174460736433,0.008500925830066564,0.031103916762918793,-0.280146902014379
43-4171.00,0.0014470387404457215,-0.10885367497829623,-0.09561969208661525,0.04166995651904282,-0.16280341054586867
43-4181.00,0.0001982537166840498,-0.02086699861047414,-0.08280132720648092,0.02861501083948559,-0.07505331497746948
43-5011.00,0.00017277966657459323,-0.0038652024946927988,-0.08288861368207412,0.026399126749618862,-0.060354689427148056
43-5011.01,7.32816259488943e-05,-0.18603039782314612,-0.038031632308914265,0.028488209353418448,-0.19557382077864194
43-5021.00,0.0001137212696456372,-0.0004548439345111177,-0.10841445282946172,0.029035656702659285,-0.07983364006131355
43-5031.00,-4.3309442561059795e-05,-0.4444454370290525,0.008477625654756071,0.03397328784435416,-0.40199452352994225
43-5032.00,0.0002969755188988283,-0.08644821983409345,-0.07075204770124621,0.034523946007467554,-0.12267632152787211
43-5041.00,7.566439497183481e-06,-0.14370994626840838,-0.0009759787329959302,0.010603832073734054,-0.13408209292767026
43-5051.00,0.00011222460414911432,-0.0036486467378602505,-0.09886940430697067,0.021396417612896457,-0.08112163343193446
43-5052.00,0.0005417371852217457,-0.0008948304324571943,-0.10957871451914336,0.03155173367723485,-0.0789218112743657
43-5053.00,0.00017289926432578404,-0.00018169488631070152,-0.09709213339639566,0.023326458172946207,-0.07394737010976016
43-5061.00,0.00017580644721853882,-0.2519923554113186,-0.04150876850133356,0.03076022283566937,-0.2627409010769828
43-5071.00,0.001048945153760225,-0.16082972783306282,-0.09511286033848876,0.04206234938779607,-0.2138802387837555
43-5111.00,4.232053705414469e-05,-0.07885609399682947,-0.02886963886003846,0.013678792645665183,-0.09404694021120275
43-6011.00,0.00029250627439647483,-0.2838324923662974,-0.04660598655326975,0.040902902557805376,-0.28953557636176175
43-6012.00,0.00016371801032595253,-0.1823515246957177,-0.03718870194888346,0.029444317136711362,-0.1900959095078898
43-6013.00,0.0011849081605814216,-0.1000526732071636,-0.09303204319774583,0.041752504920593125,-0.1513322114843163
43-6014.00,0.002300527586974294,-0.18081957966949336,-0.08230824045842589,0.04886913986809116,-0.21425868025982808
43-9021.00,0.00026044006790663216,-0.0609194115317635,-0.0552998757779255,0.025517682310951972,-0.09070160499873703
43-9022.00,6.320541955637425e-05,-0.08368974270683704,0.003495265276600712,0.01876377703468135,-0.06143070039555498
43-9031.00,1.204660934789209e-06,-0.15258403753041483,-0.03234011361121869,0.019144051412776975,-0.16578009972885654
43-9041.00,-3.726880364271143e-05,-0.4907647873508503,0.009283762237229709,0.03387465093232267,-0.4476063741812979
43-9051.00,8.361408433433116e-05,-0.0008698175812140718,-0.10352428563023208,0.01740775089608393,-0.08698635231536223
43-9061.00,0.004160759434196724,-0.09544584624672203,-0.11513849803806475,0.05867713363329785,-0.15190721065148893
43-9071.00,3.4245720602249714e-05,-0.0017273012826044543,-0.09963518469861876,0.017249414327120238,-0.08411307165410298
43-9081.00,-2.750646486111405e-06,-0.3963737323395047,0.055348369520408,0.010553195388258718,-0.33047216743083796
43-9111.00,-1.6344486298571763e-05,-0.7975017088383467,0.17387681209283112,0.026847351417270016,-0.5967775453282456
45-1011.00,3.886421720238574e-06,-0.31539757928965706,0.03727819909625163,0.030463320110456493,-0.24765606008294894
45-2011.00,-4.067861546572613e-05,-0.7015806915824507,0.2302203177701596,0.017672015093876503,-0.4536883587184146
45-2021.00,-3.334349277580283e-06,-0.30582943027420617,-0.20642981066434762,0.009336557933729228,-0.5029226830048246
45-2041.00,3.097820248615542e-05,-0.0037511863400983003,-0.07825535843980047,0.009003191395745347,-0.07300335338415342
45-2091.00,3.393024213901844e-05,-0.001449364973259648,-0.10060173133735573,0.014165691485697796,-0.08788540482491758
45-2092.00,8.864161727396586e-06,-0.359695805279582,-0.028343952935792505,0.026500750862631595,-0.3615390073527429
45-2093.00,2.735637340294539e-05,-0.11362718696520613,-0.05293549521647467,0.017666600561509593,-0.1488960816201712
45-4011.00,5.545839143611797e-06,-0.03479438592305284,-0.10551968874167228,0.011247464860715262,-0.12906660980400986
45-4021.00,7.59411520942729e-06,-0.025918004941775763,-0.04255675989759933,0.015186433803143995,-0.053288331036231096
45-4022.00,3.7992378806780145e-05,-0.0030097562707140924,-0.06890258601955779,0.020498998292953985,-0.051413343997317895
45-4023.00,2.9604650125529783e-06,-0.06642092207857608,-0.2056163965022253,0.011542837960552,-0.2604944806202494
47-1011.00,0.0005510066463602524,-0.2984514851278308,-0.038007691630088214,0.05566256245363377,-0.28079661430428526
47-1011.03,-0.0012409837619511092,-0.9602327765405465,0.1742564932822468,0.07680183521768358,-0.7091744480406161
47-2011.00,6.9649947727606215e-06,-0.025712917767326093,-0.05747341186674726,0.011810650254433064,-0.07137567937964029
47-2021.00,6.582380593462433e-05,-0.03533774474601348,-0.09078626466438067,0.020818426871731077,-0.10530558253866307
47-2022.00,1.284677641447425e-05,-9.476474729641637e-05,-0.1009616925483261,0.020899310742192423,-0.08015714655343009
47-2031.00,0.0007851908532368322,-0.08542756657078465,-0.08251880539189749,0.0337090474188293,-0.13423732454385284
47-2041.00,2.2640954263169257e-05,-0.0018779687455721117,-0.08317444110511785,0.018842727186952235,-0.06620968266373772
47-2042.00,2.924067577038297e-05,-0.0021655976016043965,-0.10242710151724355,0.014310396374564771,-0.09028230274428317
47-2043.00,6.087685432539026e-06,-0.0008557742727379747,-0.09586110579273477,0.014630063063623577,-0.08208681700184917
47-2044.00,5.406143809689345e-05,-0.006384232746826424,-0.10398902617558026,0.019987627028997146,-0.09038563189340953
47-2051.00,0.0002946911965684292,-0.011260937219866651,-0.07859555752456338,0.018610335274807266,-0.07124615946962276
47-2053.00,2.1437747085506416e-06,-0.00010170203604031869,-0.11920582824639459,0.017865953920557676,-0.10144157636187723
47-2061.00,0.0012541925571427047,-0.05880205030252528,-0.09421936673943199,0.023653988128538472,-0.1293674289134188
47-2071.00,4.649235707956405e-05,-0.0004072451092218543,-0.08496871441073628,0.011552444482703539,-0.0738235150372546
47-2072.00,3.410412624874308e-06,-0.003399285918222361,-0.09155021982803735,0.013175031867800335,-0.08177447387845937
47-2073.00,0.0005321584804341673,-0.08736942220470434,-0.06795965478305055,0.027333728416818914,-0.12799534857093597
47-2081.00,0.0001332831418911374,-0.0026242623808685472,-0.08692647027719014,0.01844670032712381,-0.07110403233093487
47-2082.00,1.6114017493580506e-05,-0.019449853106952908,-0.10768138418959072,0.014933758002812159,-0.11219747929373147
47-2111.00,0.0007997186852211867,-0.08427876183144623,-0.05404672233215324,0.03581632785046285,-0.10250915631313662
47-2121.00,6.574691318886626e-05,-0.04368539900357238,-0.0797640876487673,0.021147393348033283,-0.1023020933043064
47-2131.00,5.866343362198771e-05,-0.009693739357056419,-0.07594789696823945,0.020360696630834063,-0.0652809396944618
47-2132.00,3.328100781890139e-05,-0.028165650803283704,-0.03634505225112816,0.011403732923552123,-0.05310697013085974
47-2141.00,0.0003219770635654619,-0.0007320928255181158,-0.10315247793764737,0.020953949652181336,-0.08293062111098415
47-2142.00,2.741867559155261e-06,-0.0026700979337448416,-0.08053924763489295,0.01799747461488055,-0.06521187095375724
47-2151.00,3.913027462609976e-05,-0.010098794051750293,-0.07055964323101671,0.011593426004662177,-0.06906501127810483
47-2152.00,0.00044336769591986694,-0.0512902895006353,-0.0693294137804763,0.022852038971431288,-0.09776766430968031
47-2152.04,0.00039846273235954934,-0.12646664605860236,-0.040674282544366225,0.03370233830470948,-0.1334385902982591
47-2161.00,3.441985957166867e-05,-0.00019751401131129498,-0.09950801213775096,0.023824171080080614,-0.07588135506898164
47-2171.00,2.5741132864282303e-05,-0.0010750045639329464,-0.09039350813580649,0.02004963583455055,-0.07141887686518889
47-2181.00,0.00018245676810287037,-0.050792705223309476,-0.07203941777305012,0.020873904092591378,-0.10195821890376822
47-2211.00,0.00010862593684073238,-0.054530987100389616,-0.05902532326204213,0.01797845291242961,-0.09557785745000213
47-2221.00,7.679681564135617e-05,-0.0021873766452040755,-0.0931330293521575,0.01815600918124405,-0.07716439681611753
47-2231.00,-4.2768487829929766e-05,-0.35494472289471357,0.09389219772548518,0.013657849532432209,-0.24739467563679618
47-3011.00,1.8989116420695544e-05,-0.00027294877591232947,-0.0942902036553912,0.013795049763990708,-0.08076810266731282
47-3012.00,2.7353921735397555e-05,-6.738254048421766e-05,-0.09902750117541581,0.016664514497336302,-0.08243036921856373
47-3013.00,8.30233996259667e-05,-0.003231604986764225,-0.08801077778299504,0.014419853026862661,-0.0768225297428966
47-3014.00,7.876249146789012e-06,-3.2649099914294766e-05,-0.15113051049683923,0.011840320088559952,-0.13932283950819357
47-3015.00,5.345068530598977e-05,-0.0005632264588397717,-0.08952314968875585,0.012434869522362835,-0.07765150662523279
47-3016.00,6.167256065522119e-06,-0.021159356256212014,-0.07727683123002604,0.01788203812950906,-0.080554149356729
47-4011.00,-0.00037846300331181377,-0.6538984234051539,0.24297383726452138,0.015334859355820019,-0.3955897267848125
47-4011.01,-0.00045739163469870166,-0.8355028765417787,0.37668011898674125,0.01942902662047663,-0.4393937309345608
47-4021.00,1.0279378771078685e-05,-0.06588471514959338,-0.03236638986757878,0.011788336761801688,-0.08646276825537047
47-4031.00,3.374940704728668e-05,-0.0026343999179054833,-0.08188624173424053,0.02235867635492239,-0.06216196529722362
47-4041.00,2.5832113054839137e-05,-0.16702024877301547,-0.02519768393258648,0.023940945998809582,-0.16827698670679236
47-4051.00,0.00024863659937400474,-0.004143876329049334,-0.08183397535023351,0.02460783290624624,-0.061370018773036605
47-4061.00,2.5790153406966867e-05,-0.0009736261525601364,-0.08784172695592085,0.018975627603141643,-0.06983972550533935
47-4071.00,2.748096973478626e-05,-0.008983438064349425,-0.07486628922719607,0.012372607760058774,-0.07147711953148672
47-5011.00,1.2373747048187659e-05,-0.009639940872194774,-0.07077742872471093,0.013860985741065424,-0.06655638385584028
47-5012.00,1.4918034584245239e-05,-0.013132353636878147,-0.06371785603180635,0.017090971912462116,-0.05975923775622238
47-5013.00,3.5747792720856604e-05,-0.0668284014781011,-0.03657620635930092,0.016217682204399786,-0.08718692563300223
47-5022.00,3.483226779705994e-05,-0.006365493694319824,-0.08717524061535764,0.016150224935325586,-0.07739050937435188
47-5023.00,1.252009196877756e-05,-0.08501564696444053,-0.06732922040967759,0.013993140906074064,-0.13835172646804406
47-5032.00,4.9019663450821495e-06,-0.07009330387048118,-0.05328187277775198,0.01806530904444914,-0.10530986760378402
47-5041.00,-2.1531581896916686e-05,-0.19994343038723006,-0.01173814717367394,0.009629329675278964,-0.20205224788562504
47-5043.00,1.0445524059488295e-06,-0.06360171698084471,-0.045438632775701926,0.011042262716432383,-0.09799808704011426
47-5044.00,6.570717284176621e-06,-0.0016321324833428186,-0.09538534661645359,0.016164045734203825,-0.08085343336559259
47-5051.00,4.392557476473924e-06,-0.002220872031949206,-0.10014960263892281,0.015485488567707595,-0.08688498610316442
47-5071.00,4.399203906759231e-05,-0.0012185504969779437,-0.1005495324162835,0.012321828174329141,-0.08944625473893231
47-5081.00,9.982839639152599e-06,-0.036756467303662,-0.019946768003682003,0.01000173618691047,-0.04670149912043353
49-1011.00,-0.0002929851753179567,-0.45185240165756335,0.03437866763067765,0.048063530626921036,-0.36941020339996467
49-2011.00,3.5296085492572964e-05,-0.06715594670845171,-0.026398020594175176,0.013184226510192243,-0.08036974079243464
49-2021.00,1.7751377711883146e-05,-0.07185679246531196,-0.022806834249916808,0.01647691457371936,-0.0781867121415094
49-2022.00,8.834602778692825e-05,-0.1200797136594205,-0.015840508415249754,0.020761973393334188,-0.11515824868133606
49-2091.00,6.7887535833626665e-06,-0.07415750037451074,-0.033978060892652096,0.016730209149297348,-0.09140535211786549
49-2092.00,1.281341267509783e-05,-0.014549792945278028,-0.10336489779239155,0.009175532812839116,-0.10873915792483047
49-2093.00,-2.080866134180667e-06,-0.13240415745003453,-0.017650970442451897,0.013450897764564207,-0.13660423012792222
49-2094.00,8.372237474875031e-07,-0.09508652056155587,0.007032711685221571,0.012995013037049752,-0.07505879583928454
49-2095.00,-4.6749314272998205e-06,-0.1922055666521194,0.06690033651223093,0.012679794698403413,-0.11262543544148507
49-2096.00,-8.531765889965737e-06,-0.18781052052821678,0.007817289996975951,0.01167941211715684,-0.168313818414084
49-2097.00,1.859890353057703e-05,-0.04831753622045154,-0.04817729880551358,0.014953904157771536,-0.08154093086819358
49-2098.00,-2.8618620537436488e-05,-0.25270517326462016,0.02360975387742492,0.01787818809149133,-0.2112172312957039
49-3011.00,2.6061432141570324e-05,-0.10317048832001685,-0.021004130125028997,0.015790077639896705,-0.10838454080514914
49-3021.00,0.00020147547290860388,-0.04270003048257731,-0.05076810831586043,0.022026037451668756,-0.07144210134676898
49-3022.00,2.4433097424956206e-05,-0.0019734819311354457,-0.07646147550389326,0.017312274121670246,-0.06112268331335846
49-3023.00,0.0007643129775266413,-0.04612635352000982,-0.07359796196487567,0.02404433562957342,-0.09567997985531207
49-3031.00,0.0002411558846494089,-0.046840214102354505,-0.05986186066039467,0.01881596752633863,-0.08788610723641055
49-3041.00,3.0138308234430305e-05,-0.025490830193627634,-0.05361214034467521,0.013383601632944053,-0.06571936890535879
49-3042.00,0.00015936666359974414,-0.014005714317967044,-0.07227729218976853,0.018281096096953497,-0.06800191041078207
49-3043.00,2.1496080730095486e-05,-0.008163919886678528,-0.07156435808824524,0.01499576136444336,-0.0647325166104804
49-3051.00,1.3496019959919508e-05,-0.0395242793301116,-0.05809613067759667,0.012006627182926444,-0.08561378282478183
49-3052.00,5.803889660520694e-06,-0.024974598663118464,-0.08200736715286139,0.013536932097771182,-0.09344503371820867
49-3053.00,2.6183500354698446e-05,-0.013734765080627653,-0.07657918380160345,0.011299534868617567,-0.07901441401361353
49-3091.00,1.969315343331842e-05,-0.002173078231822334,-0.09254800755845105,0.022301216639692534,-0.07241986915058085
49-3092.00,1.7331406680417763e-05,-0.022472980279814703,-0.05839370864931892,0.014468807709913545,-0.06639788121922008
49-3093.00,0.00013414468028386884,-0.0034347751718804,-0.09876653692534854,0.01844098833745189,-0.08376032375977704
49-9011.00,3.95984414767803e-05,-0.008978879746847301,-0.07724841648726688,0.02194380179278843,-0.06428349444132575
49-9012.00,2.257572349384832e-05,-0.02239731069855999,-0.056601291285508726,0.009535767755868285,-0.06946283422820043
49-9021.00,0.00039447956374667574,-0.06074730522254157,-0.06301941404761591,0.025346491851480746,-0.09842022741867673
49-9031.00,9.782294123909292e-06,-0.11220868880844437,-0.027332397543654352,0.01596397261063842,-0.1235771137414603
49-9041.00,0.00040509231084154534,-0.0340490034149874,-0.07612361952608149,0.02366436129732019,-0.0865082616437487
49-9043.00,5.3866032058079785e-05,-0.0033893670187752356,-0.07591295938191545,0.012118445972579828,-0.06718388042811085
49-9044.00,3.6017776782273735e-05,-0.0024999069068760704,-0.07952809886637757,0.010730548825084174,-0.07129745694816947
49-9045.00,7.338273496997285e-07,-9.50279782330199e-05,-0.0979106459811625,0.019543023842031104,-0.07846265011736442
49-9051.00,0.00010828526158765861,-0.03948412620496056,-0.0730262257188854,0.018947931070233626,-0.09356242085361233
49-9052.00,0.00011133733559257042,-0.08113547061598014,-0.016117414962125043,0.017879971771704195,-0.07937291380640099
49-9061.00,1.5354523459594683e-07,-0.06713506730186314,-0.2673517712316116,0.005040647768822737,-0.329446190764652
49-9062.00,-4.865061419862335e-05,-0.2375637716465806,0.08518311814469381,0.013758751970518013,-0.13862190153136877
49-9063.00,5.068130980406947e-06,-0.07935462157971163,-0.1636299235245655,0.012902797627970752,-0.2300817474763064
49-9064.00,2.6848233965305017e-06,-0.04898791467346664,-0.031185615167872882,0.017733976566233434,-0.062439553275106086
49-9071.00,0.0020432247940568096,-0.007584349512035793,-0.10636841143014131,0.03383563743152829,-0.08011712351064881
49-9081.00,-1.4637027813377892e-05,-0.1292093783133943,0.041918360264443955,0.006946862280026167,-0.08034415576892417
49-9091.00,3.567834801579243e-05,-0.008100962084234276,-0.08550981315330608,0.010726581040794159,-0.0828841941967462
49-9092.00,1.182919693579702e-06,-0.13731813185337804,0.004963080672706788,0.019159545679547474,-0.11319550550112378
49-9094.00,2.0778722642320342e-05,-0.0003927673852897051,-0.09880087448563923,0.02170843540635614,-0.0774852064645728
49-9095.00,1.5252971921489995e-06,-0.05329788330525442,-0.06079921699739277,0.00909205077747366,-0.10500504952517353
49-9096.00,2.3022641445863694e-05,-0.010512932594541002,-0.08567478350048896,0.012614206239458525,-0.08357350985557144
49-9097.00,1.426909536165892e-05,-0.015481443985096988,-0.0269570554558336,0.01287228949304886,-0.029566209947881728
49-9098.00,8.349680807220004e-05,-0.013385458387090932,-0.07417504828253652,0.009779174870000684,-0.07778133179962676
49-9099.01,4.148656997976703e-05,-0.1927772487441053,0.03476010628865378,0.020296121424644653,-0.13772102103080686
51-1011.00,0.0002499350828599634,-0.3136021326223952,-0.01386415159944443,0.04605477779564904,-0.2814115064261906
51-2011.00,1.828722936084894e-05,-0.025152865749796582,-0.07832659076571691,0.01133904372049388,-0.09214041279501961
51-2021.00,9.36966139879787e-06,-0.011345205685816762,-0.08744394205999573,0.006158152594335942,-0.09263099515147655
51-2031.00,3.429536406537783e-05,-0.01450991249054523,-0.07446021344970477,0.011223823443227143,-0.07774630249702286
51-2041.00,6.32842084377627e-05,-0.0032853110254538187,-0.07467555775810375,0.009594680403063105,-0.06836618838049446
51-2051.00,2.0460390218108074e-05,-0.0056097690754408625,-0.09900982017588156,0.015111296415494468,-0.08950829283582795
51-2061.00,5.012052257656693e-07,-0.014912065275369368,-0.06753569568969198,0.01410494828141795,-0.0683428126836434
51-3011.00,0.0002797568042477133,-0.06645621314914552,-0.058852250656405314,0.02003344754577352,-0.10527501625977731
51-3021.00,0.00020798217974713601,-0.0021935081011061897,-0.11079904719872058,0.028809923126871695,-0.08418263217295507
51-3022.00,0.00021003139271278596,-0.00012029409899394494,-0.11292573254321958,0.02737941958838208,-0.08566660705383145
51-3023.00,9.757313267513091e-05,-0.0005015640833234691,-0.10248495878094754,0.020742952595298902,-0.08224357026897211
51-3091.00,2.727024801676205e-05,-0.039214753179525275,-0.05019462505956174,0.010151662068282441,-0.07925771617080457
51-3092.00,0.00012953411504305911,-0.12326712449805965,-0.02122023050612354,0.015251746233607477,-0.12923560877057572
51-3093.00,2.5741903731743408e-05,-0.06965932807647679,-0.057977654594264294,0.013350925432359606,-0.11428605723838148
51-4021.00,5.634466529137055e-05,-0.019384618279132848,-0.07957482692171602,0.013977449573542966,-0.0849819956273059
51-4022.00,1.0136548770032961e-05,-0.002974205193279289,-0.12758567671854681,0.008867873358376688,-0.12169200855344942
51-4023.00,2.772044091378618e-05,-0.02280327147884531,-0.055211752514475965,0.015418410684001849,-0.06259661330931943
51-4031.00,0.0001961672542721872,-0.0011636804571044657,-0.0864082946640945,0.012875023329674384,-0.07469695179152458
51-4032.00,7.106915153361569e-06,-0.0013825656502670647,-0.09231260439435962,0.018462420499210985,-0.0752327495454157
51-4033.00,6.210660731984554e-05,-0.002909405464936121,-0.0810736253308244,0.010396620695085623,-0.0735864101006749
51-4034.00,1.906644004384744e-05,-0.003043340629590663,-0.07215527960738033,0.00985017251391307,-0.06534844772305792
51-4035.00,1.2737455915824296e-05,-0.0018260087022676785,-0.09721874836740252,0.007045360632129238,-0.09199939643754096
51-4041.00,0.00017269197752154612,-0.07533367391968548,-0.046334780046724866,0.018368379684928104,-0.10330007428148225
51-4051.00,2.2739610610326896e-05,-0.01963451104621905,-0.06541322613988054,0.01504342266014369,-0.0700043145259559
51-4052.00,7.609637766135009e-06,-0.008029222824499804,-0.15665398171424094,0.007630897884792542,-0.1570523066539482
51-4061.00,3.992844995536431e-07,-0.08552209941142763,0.07689039991282254,0.006637024549310588,-0.001994674949294506
51-4062.00,2.5603158851453955e-06,-0.0054500793499574485,-0.13835418363153718,0.012148853241948032,-0.1316554097395466
51-4071.00,1.564128264140645e-05,-1.9384814062384237e-05,-0.10786316394934348,0.010802269744679016,-0.09708027901872684
51-4072.00,0.0001719659059241542,-0.0031598900488325476,-0.08501462015552175,0.013127854136978812,-0.07504665606737548
51-4081.00,0.00014192168981198156,-0.001175712818565433,-0.086746940233843,0.016976614096404496,-0.07094603895600393
51-4111.00,3.26846579904829e-05,-0.015186543464116742,-0.07616384974439505,0.012273023459060894,-0.0790773697494509
51-4121.00,0.0004827574240934074,-0.013741146282932881,-0.08755295857862277,0.013270236147474357,-0.0880238687140813
51-4122.00,3.155210632751671e-05,-0.007254122924350792,-0.089368037306222,0.008394684616290782,-0.08822747561428201
51-4191.00,1.7548329234392314e-05,-0.010251082814360046,-0.0603676024746882,0.014310721636858759,-0.056307963652189486
51-4192.00,5.1602714632487896e-06,-0.0034331093230344223,-0.09494847651347582,0.012066003945963022,-0.08631558189054722
51-4193.00,3.096496323950424e-05,-0.017516534216152735,-0.05677950897148376,0.008969425467239223,-0.06532661772039727
51-4194.00,7.73482383225583e-06,-0.00133289616918697,-0.09392362902657547,0.009213624180631985,-0.08604290101513046
51-5111.00,1.3055759520688899e-05,-0.16460690410723755,-0.0031734961997744726,0.018429995673252986,-0.14935040463375904
51-5112.00,0.0002372354043911468,-0.0370320026439952,-0.04729620259535583,0.024776047182569094,-0.059552158056781934
51-5113.00,4.1392374657862446e-05,-0.004028208822020929,-0.09989633996897007,0.015956188553839734,-0.08796836023715127
51-6011.00,0.0002296851371329765,-0.030093813586000717,-0.07977736818433101,0.016906023000974102,-0.09296515876935763
51-6021.00,3.694538338731116e-05,-0.002867871733649441,-0.09285505731323562,0.013920003559533711,-0.08180292548735135
51-6031.00,0.00012693942960604102,-0.001493202112663905,-0.09347733532425284,0.012747924198948102,-0.08222261323796864
51-6041.00,9.173123162311738e-06,-0.008281792067388327,-0.0893631556073915,0.015854647112067966,-0.08179030056271186
51-6042.00,7.013909478579096e-06,-0.01646606690485264,-0.18315425721934897,0.0038540407315830194,-0.1957662833926186
51-6051.00,4.715970001690415e-06,-7.545307931655643e-05,-0.10634337792807624,0.020845529927033812,-0.08557330108035899
51-6052.00,1.537428980475832e-05,-0.02441584119550244,-0.12272353503276401,0.013041667937194745,-0.1340977082910717
51-6061.00,8.325253332983483e-06,-0.029575901685714,-0.032163139142474595,0.010093797916268521,-0.051645242911920075
51-6062.00,1.1075120152904734e-05,-0.029565650113826614,-0.11293354659306454,0.009080605941899744,-0.1334185907649914
51-6063.00,1.966643586625132e-05,-0.013560853190084377,-0.05777154435863219,0.008878742638850579,-0.062453654909865985
51-6064.00,2.181131715301289e-05,-0.004784977042775473,-0.0941767838477312,0.008779523998986072,-0.0901822368915206
51-6091.00,1.4222376270888105e-05,-0.0007759766268096158,-0.08310792212756724,0.01269816090528808,-0.07118573784908877
51-6092.00,3.784720775316627e-06,-0.048787712548501894,-0.045555024799805555,0.023359798399505305,-0.07098293894880214
51-6093.00,3.830215064942836e-05,-0.0029448529996294326,-0.08401145172630109,0.023462030506253395,-0.06349427421967713
51-7011.00,0.00010122920836954318,-0.03894522909989151,-0.07219134857306342,0.02126806443660101,-0.08986851323635392
51-7021.00,2.6644844890252254e-05,-0.04677725383081999,0.007091550664803936,0.020820049686220976,-0.018865653479795075
51-7031.00,1.0340104513344693e-06,-0.007944826050908294,-0.02848564891424621,0.014104666229879381,-0.02232580873527512
51-7032.00,3.4957390215523254e-07,-0.003500343835160624,-0.07758637224076192,0.01841341004492225,-0.0626733060310003
51-7041.00,4.868103504048995e-05,-0.004355146470196303,-0.07953882882756558,0.011543811058841058,-0.07235016423892082
51-7042.00,6.546762326479794e-05,-0.0033828990233693013,-0.09289851023615192,0.01266311913716578,-0.08361829012235544
51-8011.00,-8.310602543146156e-06,-0.4148563153880698,0.06459212772531275,0.023766688880550557,-0.32649749878220646
51-8012.00,1.804989061623668e-05,-0.07980213229379984,0.04918691656172891,0.01755408880312359,-0.013061126928947342
51-8013.00,3.308051710247347e-05,-0.06720399588712622,-0.0018131233048941375,0.012854211182955044,-0.056162908009065315
51-8013.03,2.3416878855552577e-05,-0.08365641556088921,-0.009914112999233726,0.015674856529587,-0.07789567203053593
51-8013.04,3.079184246765522e-05,-0.04435258002410114,-0.02965934809041526,0.016171317376597827,-0.057840610737918574
51-8021.00,3.9061359806299946e-07,-0.15762688661511426,0.007304774849148821,0.015912608688962493,-0.13440950307700295
51-8031.00,2.9858167509325324e-05,-0.15510438433191753,-0.01965499927654868,0.020399408871936586,-0.15435997473652963
51-8091.00,-3.998024587256721e-06,-0.1099251445996412,-0.010245124594618016,0.012714919006439729,-0.10745535018781949
51-8092.00,1.578620027451743e-05,-0.12168554123326158,0.03628055588338519,0.016763476574263247,-0.06864150877561315
51-8093.00,3.3320249148270984e-05,-0.14630349516581465,0.0464897258753707,0.019997585417997676,-0.07981618387244627
51-8099.01,-2.033698650116708e-06,-0.13166753429476685,-0.010277155289851514,0.012113982424055258,-0.1298307071605631
51-9011.00,4.7262878679923915e-06,-0.16239515271879368,-0.003402388101776399,0.017406780279103806,-0.14839076054146627
51-9012.00,5.812183789471239e-05,-0.08109756019498437,-0.00231579110900082,0.017244143008139368,-0.06616920829584583
51-9021.00,2.5921102941468675e-05,-0.04238997809003964,-0.03812957297219066,0.01345393179764054,-0.06706561926458976
51-9022.00,9.771070049291547e-06,-0.004092786510791591,-0.08872017269193533,0.008365960758169866,-0.08444699844455705
51-9023.00,8.313992363002563e-05,-0.042310861390413734,-0.07357675943950825,0.014617944345769462,-0.10126967648415253
51-9031.00,9.945464546485163e-06,-0.0002098702081787529,-0.12298880405877322,0.011161048549680253,-0.11203762571727172
51-9032.00,3.7684015196759826e-05,-0.0046615773353679835,-0.0793726267645809,0.009196239300333975,-0.07483796479961491
51-9041.00,3.7580119056243274e-05,-0.036635068795638936,-0.0729734981961978,0.011561482413671609,-0.09804708457816513
51-9051.00,1.0185921737422416e-05,-0.04405142230737891,-0.04604572462659551,0.007094338698897751,-0.08300280823507666
51-9061.00,0.00015319452958572266,-0.16519112595471608,0.007976011487969448,0.013828936318518892,-0.14338617814822774
51-9071.00,1.0005813779896656e-07,-0.18814648076920149,-0.029318977780817157,0.015968554397423063,-0.20149690415259558
51-9071.06,2.0766502687682466e-06,-0.1485860628809461,0.007394517934128153,0.011743749809983495,-0.12944779513683446
51-9081.00,4.866413478434454e-05,-0.053657441676539186,-0.03750237054110572,0.02324064332192677,-0.06791916889571814
51-9082.00,1.275317083725262e-05,-0.013323160357911146,-0.08175172898747096,0.019362896464633295,-0.07571199288074881
51-9083.00,1.647025240398909e-05,-0.016491485346686208,-0.09120261006730157,0.014413950237579076,-0.0932801451764087
51-9111.00,0.00048695309075387494,-0.0030367513726967665,-0.09797152247005414,0.018144769905255487,-0.08286350393749542
51-9123.00,1.0190276813077244e-05,-0.004034912953268854,-0.08324303220694329,0.008649353233960433,-0.07862859192625171
51-9124.00,0.00018930890133510324,-0.04323204759250476,-0.044134547023594095,0.013662391085003112,-0.07370420353109575
51-9141.00,2.350448088329069e-05,-0.030609213004454627,-0.051334322317379666,0.011491635854702142,-0.07045189946713215
51-9151.00,4.89794373663069e-07,-0.16160622702368022,0.015944232918276846,0.019407552452280985,-0.12625444165312238
51-9161.00,0.00020531187361390638,-0.00892095350110278,-0.07860899290954082,0.01845671040091812,-0.06907323600972548
51-9162.00,1.8322450959615982e-06,-0.10231544313612284,-0.022786753945392313,0.014631982690888279,-0.11047021439062688
51-9191.00,9.394044334996691e-06,-0.02490303316559972,-0.05113299984404884,0.00916809039341171,-0.06686794261623685
51-9192.00,7.330717316841626e-06,-0.037071669959123366,-0.06913800027752526,0.00743263233519631,-0.09877703790145231
51-9193.00,5.85308933975862e-06,-0.03529178579733161,-0.08393412914187959,0.0130436822728206,-0.1061822326663906
51-9194.00,6.344924247403599e-06,-0.020661018641880968,-0.1197360822221949,0.009131561165667268,-0.1312655396984086
51-9195.03,4.052161328852588e-05,-0.016432951530953588,-0.07671358371511827,0.011783068216439485,-0.08136346702963237
51-9195.04,5.281676994905088e-05,-0.0250783213382757,-0.03929200190322035,0.014698976882684622,-0.04967134635881143
51-9195.05,2.741688281333762e-05,-0.029423300735865965,-0.06210660336192397,0.008896467663974672,-0.08263343643381527
51-9196.00,9.018934773193262e-05,-0.0018102109640607544,-0.08471590766100334,0.01128489240451458,-0.07524122622054952
51-9197.00,2.1442845114574813e-05,-0.0022723632354511025,-0.09212766902142944,0.01221406048237883,-0.08218597177450171
51-9198.00,0.0001193025860250932,-0.06727869108891005,-0.07379527201728964,0.012236553132013661,-0.12883740997418602
53-1041.00,1.5263575424403133e-05,-0.004787306027020488,-0.08067786918415543,0.031053030274903026,-0.05441214493627289
53-2011.00,4.8229160445987336e-05,-0.22904628990628284,-0.017433444372315865,0.03342187703258759,-0.21305785724601112
53-2012.00,4.670105033576964e-06,-0.3279354134645427,0.04395513801716611,0.03128831982002955,-0.25269195562734703
53-2021.00,-1.3128846341823745e-05,-0.42114989911922374,0.0697597717502334,0.026656870063218818,-0.3247332573057715
53-2022.00,-1.2521577276285989e-05,-0.32917730311332427,0.014035259165399161,0.022085931369171252,-0.29305611257875386
53-2031.00,0.0001571108019742984,-0.08236412580763153,-0.06700965084498645,0.025729870088899265,-0.12364390656371871
53-3011.00,1.0986651012611948e-05,-0.07820541527623082,-0.09331762285268841,0.022007707618660444,-0.14951533051025878
53-3031.00,0.0007139654464277945,-0.060995985427917176,-0.1109637425117107,0.04263708988280657,-0.12932263805682132
53-3032.00,0.003367300684962049,-0.017887687722171197,-0.11432393103242156,0.03733786216657542,-0.09487375658801733
53-3033.00,0.0017292092377870737,-0.004091307908179687,-0.1181138416345644,0.03671153497692137,-0.08549361456582272
53-3051.00,0.0005742585897861212,-0.046624504406857614,-0.08946204701344085,0.023676068242114656,-0.1124104831781838
53-3052.00,0.0002867202191881033,-0.028131241200404666,-0.10830774832212642,0.027563036964488585,-0.1088759525580425
53-3053.00,0.00025594366809929335,-0.08398470655823376,-0.08777667285642332,0.02424828715047811,-0.14751309226417897
53-4011.00,4.1501447856899564e-05,-0.049345294155681785,-0.05011303020806057,0.017994211349915634,-0.08146411301382672
53-4013.00,4.259111332060744e-06,-0.015158454597911764,-0.019101349362234288,0.013525951433390748,-0.020733852526755303
53-4031.00,6.09265706731783e-05,-0.055780082087770744,-0.06475995951678337,0.02605960069745894,-0.09448044090709518
53-4041.00,7.6238684198395976e-06,-0.1758676726686823,-0.02064017275309693,0.01626103794379663,-0.1802468074779826
53-5011.00,2.3089967228044384e-05,-0.03536646100966001,-0.09943965702944801,0.014034374299231267,-0.12077174373987676
53-5021.00,2.154362056211952e-05,-0.17524864886903213,-0.004654220029703726,0.02464836603571996,-0.1552545028630159
53-5022.00,3.2622480498690007e-06,-0.07496325116954283,-0.2106183564728683,0.01636337412485922,-0.2692182335175519
53-5031.00,1.0566966723095292e-05,-0.11297920163551334,0.05455122882768615,0.014605485761092663,-0.043822487046734526
53-6011.00,3.833173595947301e-06,-0.08877148933717027,-0.020196620255148456,0.013174320921630844,-0.09579378867068788
53-6021.00,0.0001748112713026625,-0.002406467153421854,-0.10231963888735329,0.02394676561907616,-0.08077934042169899
53-6031.00,0.0001272579248484064,-0.013246786963735158,-0.08428078901264024,0.017420719131804763,-0.08010685684457064
53-6041.00,-1.4262816501284017e-05,-0.4126054997402,-0.006077540212453769,0.0215905354761059,-0.39709250447654787
53-6051.01,-3.440445824403753e-05,-0.36092646197159484,0.11441734637659184,0.020454828535117375,-0.22605428705988562
53-6051.07,-4.642587636124139e-05,-0.2881713198637499,0.09332597312500912,0.005211977644656862,-0.1896333690940839
53-6061.00,3.231029576881487e-05,-0.004731801821230341,-0.06459850405528655,0.01603524105032772,-0.053295064826189176
53-7011.00,1.924127727120735e-05,-0.033932438877599225,-0.0749021618121537,0.01484733018329809,-0.09398727050645483
53-7021.00,4.699729814209788e-05,-0.002820604237491864,-0.09126729261268807,0.014475990480165457,-0.07961190637001447
53-7031.00,1.3663500337704634e-06,-0.0026308596345918644,-0.08722863127062253,0.021979202292890854,-0.06788028861232354
53-7041.00,2.4817628327721683e-06,-0.00018997011577548406,-0.07861197924510321,0.010736615873579769,-0.06806533348729893
53-7051.00,0.0012228376566487007,-0.000156791865637107,-0.11723545790296441,0.03297503623463749,-0.08441721353396403
53-7061.00,0.0004976568514850187,-0.006461603323136611,-0.09342301952778476,0.01847231272367056,-0.08141231012725081
53-7062.00,0.0051026705114870195,-0.0012990283745129005,-0.13144008821755349,0.052124942650534356,-0.08061417394153203
53-7062.04,0.0050540395138923035,-0.017142721486356427,-0.12742283537488297,0.04873981912856684,-0.09582573773267256
53-7063.00,2.557973654200243e-05,-0.023539585301359356,-0.07073438428195544,0.0073502127071556345,-0.08692375687615916
53-7064.00,0.0009014203573631937,-0.014618497125083785,-0.11080760114539023,0.023046479929348163,-0.10237961834112586
53-7065.00,0.004947896709520307,-0.0042712333495675825,-0.12956024420315249,0.048101728588637815,-0.08572974896408225
53-7071.00,2.4092326581731397e-06,-0.06425849254075189,-0.05507982061415495,0.013472159441035636,-0.1058661537138712
53-7072.00,1.3550097410473897e-05,-0.09234067444568606,0.02827791080636155,0.012839644567987474,-0.05122311907133703
53-7073.00,1.190035830273994e-05,-0.030280139941068818,-0.07052620636261375,0.008679746137658206,-0.09212660016602436
53-7081.00,0.00017026821984299256,-0.05668156107382849,-0.07649932686954752,0.019787258193192603,-0.11339362975018341
53-7121.00,1.0666281444586707e-05,-0.0450711381082316,-0.05744220721040394,0.015432972031260928,-0.08708037328737461
